-- phpMyAdmin SQL Dump
-- version 4.3.11
-- http://www.phpmyadmin.net
--
-- Servidor: 127.0.0.1
-- Tiempo de generación: 19-11-2015 a las 23:17:26
-- Versión del servidor: 5.6.24
-- Versión de PHP: 5.6.8

SET SQL_MODE = "NO_AUTO_VALUE_ON_ZERO";
SET time_zone = "+00:00";


/*!40101 SET @OLD_CHARACTER_SET_CLIENT=@@CHARACTER_SET_CLIENT */;
/*!40101 SET @OLD_CHARACTER_SET_RESULTS=@@CHARACTER_SET_RESULTS */;
/*!40101 SET @OLD_COLLATION_CONNECTION=@@COLLATION_CONNECTION */;
/*!40101 SET NAMES utf8 */;

--
-- Base de datos: `db_dcs`
--
CREATE DATABASE IF NOT EXISTS `db_dcs` DEFAULT CHARACTER SET latin1 COLLATE latin1_swedish_ci;
USE `db_dcs`;
-- --------------------------------------------------------

--
-- Estructura de tabla para la tabla `alumnos`
--

CREATE TABLE IF NOT EXISTS `alumnos` (
  `lu_alu` int(10) unsigned NOT NULL,
  `apellido_alu` varchar(50) NOT NULL,
  `nom_alu` varchar(50) NOT NULL,
  `dni_alu` int(11) DEFAULT NULL
) ENGINE=InnoDB DEFAULT CHARSET=utf8;

--
-- Volcado de datos para la tabla `alumnos`
--

INSERT INTO `alumnos` (`lu_alu`, `apellido_alu`, `nom_alu`, `dni_alu`) VALUES
(98064, 'Dimate Pineda', 'Jhoiner Alexander', 13),
(98284, 'Mandolesi', 'Nicolas', 98284),
(98747, 'Campos', 'Giuliana', 98747),
(98749, 'Campos', 'Giuliana', 98749),
(101014, 'Ivanoff', 'Micaela', 101014),
(103027, 'Lambertucci', 'Antonela', 1),
(103155, 'Cordoba', 'Agustin', 103155),
(104229, 'Astrada', 'Lucia', 104229),
(104275, 'Subia', 'Eber', 104275),
(104573, 'Matarazzo', 'Matias', 104573),
(105074, 'Chauvie', 'Macarena', 105074),
(106038, 'Denk', 'Josefina', 12),
(106173, 'Gallardo', 'Yanina', 106173),
(106392, 'Escobar', 'Jorge', 8),
(106531, 'Linder', 'Josefina', 106531),
(107505, 'Moraga', 'Gabriel', 107505),
(107782, 'Renero', 'Alan', 107782),
(107983, 'Recio', 'Mauro', 107983),
(108322, 'Ramos', 'Norali', 108322),
(108406, 'Muñoz', 'Melisa', 4),
(108824, 'Campetelli', 'Estefania', 9),
(109054, 'Insaurralde', 'Alejandrina', 16),
(109120, 'Marin', 'Sofia', 7),
(109123, 'Rodriguez', 'Valentina', 109123),
(109150, 'Dias Ruiz', 'Camila', 109150),
(109363, 'Paci', 'Magali', 109363),
(110532, 'Lopez', 'Lucila', 110532),
(110812, 'Iglesias', 'Julieta', 110812),
(111080, 'Catani', 'Magali', 111080),
(111599, 'Sosa', 'Milagros', 111599),
(111753, 'Ipanaque', 'Noelia', 111753),
(111792, 'Santi', 'Agostina', 5),
(111797, 'Castaldi', 'Genesis', 111797),
(111805, 'Gorosito', 'Antonela', 111805),
(111809, 'Scarpaci', 'Tomas', 111809),
(112103, 'Torre', 'Camila', 112103),
(112175, 'Aman', 'Aldana', 112175),
(112178, 'Delbes', 'Camila', 112178),
(112179, 'Meder', 'Sebastian', 112179),
(112180, 'Gasso', 'Facundo', 112180),
(112181, 'Menendez', 'Celeste', 2),
(112182, 'Lombardini', 'Maria', 112182),
(112183, 'Montana', 'Daiana', 3),
(112184, 'Gutierrez', 'María Belen', 14),
(112188, 'Laucirica', 'Ailen', 17),
(112189, 'Schpak', 'Martina', 112189),
(112191, 'Arias', 'Daiana', 112191),
(112193, 'Galassi', 'Maria', 112193),
(112194, 'Zabala', 'Victor', 6),
(112195, 'Viera', 'Julieta', 112195),
(112197, 'Tronelli', 'Evelyn', 112197),
(112199, 'Cesari', 'Macarena', 10),
(112201, 'Paredes', 'Naiara', 112201),
(112202, 'Ibarra', 'Ximena', 112202),
(112204, 'Feijoo', 'Nicolas', 112204),
(112207, 'Hernandez', 'Monica', 15),
(112208, 'Hernandez', 'María', 112208),
(112209, 'Muñoz Gil', 'Richar', 112209),
(112211, 'Acuña', 'Magali', 112211),
(112212, 'Colagreco', 'Camila', 112212),
(112213, 'Cerini', 'Maria', 112213),
(112215, 'Buhedo', 'Julian', 112215),
(112216, 'Cicconi', 'Gimena', 11),
(112221, 'Diaz', 'Joaquin', 112221),
(112222, 'Boxal', 'Celeste', 112222),
(112260, 'Contreras', 'Rosina', 112260),
(221117, 'Bettini', 'Antonela', 221117);

-- --------------------------------------------------------

--
-- Estructura de tabla para la tabla `alumnos_catedras`
--

CREATE TABLE IF NOT EXISTS `alumnos_catedras` (
  `lu_alu` int(10) unsigned NOT NULL,
  `cod_cat` int(10) unsigned NOT NULL,
  `estado_alu_cat` int(11) NOT NULL DEFAULT '0',
  `year_alu_cat` varchar(4) NOT NULL,
  `periodo_alu_cat` varchar(40) NOT NULL
) ENGINE=InnoDB DEFAULT CHARSET=utf8;

--
-- Volcado de datos para la tabla `alumnos_catedras`
--

INSERT INTO `alumnos_catedras` (`lu_alu`, `cod_cat`, `estado_alu_cat`, `year_alu_cat`, `periodo_alu_cat`) VALUES
(98064, 20018, 0, '', '0'),
(98284, 20018, 0, '', '0'),
(98747, 20018, 0, '', '0'),
(101014, 20018, 0, '', '0'),
(103027, 20018, 0, '', '0'),
(103155, 20018, 0, '', '0'),
(104229, 20018, 0, '', '0'),
(104275, 20018, 0, '', '0'),
(105074, 20018, 0, '', '0'),
(106038, 20018, 0, '', '0'),
(106173, 20018, 0, '', '0'),
(106392, 20018, 0, '', '0'),
(106531, 20018, 0, '', '0'),
(107505, 20018, 0, '', '0'),
(107782, 20018, 0, '', '0'),
(108406, 20018, 0, '', '0'),
(108824, 20018, 0, '', '0'),
(109054, 20018, 0, '', '0'),
(109120, 20018, 0, '', '0'),
(109123, 20018, 0, '', '0'),
(109150, 20018, 0, '', '0'),
(109363, 20018, 0, '', '0'),
(110532, 20018, 0, '', '0'),
(110812, 20018, 0, '', '0'),
(111080, 20018, 0, '', '0'),
(111599, 20018, 0, '', '0'),
(111753, 20018, 0, '', '0'),
(111792, 20018, 0, '', '0'),
(111797, 20018, 0, '', '0'),
(111805, 20018, 0, '', '0'),
(111809, 20018, 0, '', '0'),
(112103, 20018, 0, '', '0'),
(112175, 20018, 0, '', '0'),
(112178, 20018, 0, '', '0'),
(112180, 20018, 0, '', '0'),
(112181, 20018, 0, '', '0'),
(112183, 20018, 0, '', '0'),
(112184, 20018, 0, '', '0'),
(112188, 20018, 0, '', '0'),
(112189, 20018, 0, '', '0'),
(112191, 20018, 0, '', '0'),
(112193, 20018, 0, '', '0'),
(112194, 20018, 0, '', '0'),
(112195, 20018, 0, '', '0'),
(112199, 20018, 0, '', '0'),
(112201, 20018, 0, '', '0'),
(112202, 20018, 0, '', '0'),
(112204, 20018, 0, '', '0'),
(112207, 20018, 0, '', '0'),
(112208, 20018, 0, '', '0'),
(112209, 20018, 0, '', '0'),
(112212, 20018, 0, '', '0'),
(112213, 20018, 0, '', '0'),
(112215, 20018, 0, '', '0'),
(112216, 20018, 0, '', '0'),
(112221, 20018, 0, '', '0'),
(112222, 20018, 0, '2015', 'Segundo Cuatrimestre'),
(112260, 20018, 0, '', '0'),
(221117, 20018, 0, '', '0');

-- --------------------------------------------------------

--
-- Estructura de tabla para la tabla `carreras`
--

CREATE TABLE IF NOT EXISTS `carreras` (
  `cod_carr` int(10) unsigned NOT NULL,
  `nom_carr` varchar(40) NOT NULL
) ENGINE=InnoDB DEFAULT CHARSET=utf8;

--
-- Volcado de datos para la tabla `carreras`
--

INSERT INTO `carreras` (`cod_carr`, `nom_carr`) VALUES
(155, 'Medicina'),
(166, 'Licenciatura en Enfermería');

-- --------------------------------------------------------

--
-- Estructura de tabla para la tabla `catedras`
--

CREATE TABLE IF NOT EXISTS `catedras` (
  `cod_cat` int(10) unsigned NOT NULL,
  `cod_carr` int(10) unsigned NOT NULL,
  `nom_cat` varchar(80) NOT NULL
) ENGINE=InnoDB DEFAULT CHARSET=utf8;

--
-- Volcado de datos para la tabla `catedras`
--

INSERT INTO `catedras` (`cod_cat`, `cod_carr`, `nom_cat`) VALUES
(20018, 166, 'Enfermería, Fundamentos, Prácticas y Tendencias II'),
(20020, 166, 'Enfermería Familiar I'),
(20022, 166, 'Enfermería Familiar II'),
(20024, 166, 'Enfermería Familiar III'),
(20059, 155, 'Examen general final de carrera'),
(20063, 155, 'Obstetricia y ginecología');

-- --------------------------------------------------------

--
-- Estructura de tabla para la tabla `ci_sessions`
--

CREATE TABLE IF NOT EXISTS `ci_sessions` (
  `session_id` varchar(40) NOT NULL DEFAULT '0',
  `ip_address` varchar(45) NOT NULL DEFAULT '0',
  `user_agent` varchar(250) NOT NULL,
  `last_activity` int(10) unsigned NOT NULL DEFAULT '0',
  `user_data` text NOT NULL
) ENGINE=InnoDB DEFAULT CHARSET=utf8;

--
-- Volcado de datos para la tabla `ci_sessions`
--

INSERT INTO `ci_sessions` (`session_id`, `ip_address`, `user_agent`, `last_activity`, `user_data`) VALUES
('ee20a646c73ac32ddd2f680d99bacb93', '::1', 'Mozilla/5.0 (Windows NT 10.0; WOW64; rv:42.0) Gecko/20100101 Firefox/42.0', 1447971374, 'a:3:{s:9:"user_data";s:0:"";s:7:"usuario";a:8:{s:7:"leg_doc";s:5:"12198";s:12:"apellido_doc";s:10:"Stepanosky";s:7:"nom_doc";s:6:"Silvia";s:7:"dni_doc";s:1:"0";s:9:"email_doc";s:27:"silvia.stepanosky@gmail.com";s:7:"tel_doc";s:1:"1";s:6:"activo";s:1:"1";s:10:"privilegio";s:1:"2";}s:16:"actividad_actual";s:14:"generar_examen";}');

-- --------------------------------------------------------

--
-- Estructura de tabla para la tabla `descripciones`
--

CREATE TABLE IF NOT EXISTS `descripciones` (
  `id_desc` int(10) unsigned NOT NULL,
  `id_guia` int(10) unsigned NOT NULL,
  `nom_desc` varchar(50) DEFAULT NULL,
  `contenido_desc` text
) ENGINE=InnoDB AUTO_INCREMENT=24 DEFAULT CHARSET=utf8;

--
-- Volcado de datos para la tabla `descripciones`
--

INSERT INTO `descripciones` (`id_desc`, `id_guia`, `nom_desc`, `contenido_desc`) VALUES
(1, 1, 'Objetivo del taller', 'El estudiante será capaz de controlar constantes vitales.'),
(2, 1, 'Caso clínico', 'La señorita Mayra, de 20 años, ingresa al consultorio para control de presión arterial, pulso, frecuencia  respiratoria,  temperatura y dolor.'),
(3, 1, 'Escenario', 'Laboratorio de competencias profesionales.'),
(4, 1, 'Requerimientos', 'Usuario simulado, estetoscopio, esfigmomanómetro, reloj, termómetro digital, torundas de algodón, alcohol en gel, alcohol al 70%, bandeja, hojas de registro, bolígrafo, bolsa  roja, toallas descartables.'),
(5, 3, 'Objetivo del taller', 'El estudiante será capaz de medir la altura uterina.'),
(6, 3, 'Caso clínico', 'Susana de 23 años, cursa un embarazo de 30 semanas. Concurre al CAP para realizarse el control prenatal. Usted debe medir su altura uterina.'),
(7, 3, 'Escenario', 'Laboratorio de competencias profesionales.'),
(8, 3, 'Requerimientos', 'Simulador de embarazada, alcohol en gel, camilla, salea, cinta métrica, hoja de registro y bolígrafo.'),
(9, 4, 'Objetivo del taller', 'Realizar un Electrocardiograma de 12 derivaciones a un paciente internado con dolor precordial.'),
(10, 4, 'Caso clínico', 'El Sr. Matías de 47 años, se encuentra internado en el servicio de Clínica Médica y refiere dolor precordial agudo, punzante, valorado en 8/10 según escala de dolor de 1-10. \n\nUd. deberá realizarle un Electrocardiograma de 12 derivaciones de inmediato.\n'),
(11, 4, 'Escenario', 'Persona (simulador) en cama, en ámbito hospitalario, en posición supina.'),
(12, 4, 'Requerimientos', 'Simulador (muñeco completo o tronco) de adulto, electrocardiógrafo, alcohol en gel, gel conductor, hojas de registro de enfermería, lapicera.'),
(13, 5, 'Objetivo del taller', 'Realizar las maniobras de parto normal de término en presentación cefálica, incluyendo corte de cordón umbilical y alumbramiento'),
(14, 5, 'Escenario', 'Laboratorio de competencias profesionales'),
(15, 5, 'Requerimientos', 'Simulador de parto colocado en el borde de la camilla, armado con feto de término en presentación cefálica, con pared abdominal transparente, guantes, gasas, apósito (no estéril),antiséptico (reemplazar por agua para conservación del simulador), dos campos quirúrgicos,  clamp de cordón (ó similar),tijera, pinza de Kocher, recipiente con bolsa roja para desechar placenta'),
(16, 5, 'Consigna', 'El alumno deberá realizar el parto normal de término de un feto en cefálica, relatando cada paso que realice en voz alta y comunicándose con la paciente simulada y su asistente (enfermera - neonatólogo).'),
(17, 6, 'Objetivo del taller', 'El estudiante será capaz  de controlar oximetría de pulso.'),
(18, 6, 'Caso clínico', 'El señor Román, de 64 años, ingresa al Servicio de Cuidados Intensivos con diagnóstico de enfermedad pulmonar obstructiva crónica reagudizada. \nSe indica medición de oximetría de pulso.'),
(19, 6, 'Escenario', 'Laboratorio de competencias profesionales.'),
(20, 6, 'Requerimientos', 'Usuario simulado, alcohol en gel, bandeja, torundas de algodón, alcohol al 70%, oxímetro de pulso, hojas de registro y  bolígrafo.'),
(21, 7, 'Objetivo del taller', 'El estudiante será capaz de realizar cateterismo vesical permanente'),
(22, 7, 'Escenario', 'Laboratorio de competencias profesionales'),
(23, 7, 'Requerimientos', 'Simulador de genitales varón. Alcohol en gel.\r\nPara higiene perineal: Jarra, chata, paños o apósitos, Iodopovidona, solución jabonosa, guantes.\r\nPara colocación del catéter: Guantes estériles, solución de iodovopidona, ápósitos o gasas, compresas estériles(fenestrada y cerrada), catéter Doley de diferentes calibres, lidocaína jalea, 2 jeringas de 10 ml., ampollas de agua destilada estéril, bolsa colecta, cinta adhesiva, hojas de registro, bolígrafo, bandeja y bolsa roja.');

-- --------------------------------------------------------

--
-- Estructura de tabla para la tabla `docentes`
--

CREATE TABLE IF NOT EXISTS `docentes` (
  `leg_doc` int(10) unsigned NOT NULL,
  `pass` varchar(60) NOT NULL,
  `apellido_doc` varchar(50) NOT NULL,
  `nom_doc` varchar(50) NOT NULL,
  `dni_doc` int(11) DEFAULT NULL,
  `email_doc` varchar(60) DEFAULT NULL,
  `tel_doc` varchar(20) DEFAULT NULL,
  `activo` tinyint(1) NOT NULL DEFAULT '0',
  `privilegio` int(11) NOT NULL DEFAULT '0'
) ENGINE=InnoDB DEFAULT CHARSET=utf8;

--
-- Volcado de datos para la tabla `docentes`
--

INSERT INTO `docentes` (`leg_doc`, `pass`, `apellido_doc`, `nom_doc`, `dni_doc`, `email_doc`, `tel_doc`, `activo`, `privilegio`) VALUES
(12198, 'fe8f5c6b9aa7ce3dd64252d7c9302bc5', 'Stepanosky', 'Silvia', 0, 'silvia.stepanosky@gmail.com', '1', 1, 2),
(12863, '3f11486ac65162ce0c8d4437401588d8', 'Cardoso', 'Virginia', 30351294, 'virgicardoso@gmail.com', '000', 1, 2),
(80902, '1a5936bb55b44990190bf3aca285bc36', 'Marzullo', 'Matias', 9125654, 'matias.marzu@gmail.com', '000', 1, 2);

-- --------------------------------------------------------

--
-- Estructura de tabla para la tabla `docentes_catedras`
--

CREATE TABLE IF NOT EXISTS `docentes_catedras` (
  `leg_doc` int(10) unsigned NOT NULL,
  `cod_cat` int(10) unsigned NOT NULL,
  `permiso_doc` int(11) NOT NULL DEFAULT '0'
) ENGINE=InnoDB DEFAULT CHARSET=utf8;

--
-- Volcado de datos para la tabla `docentes_catedras`
--

INSERT INTO `docentes_catedras` (`leg_doc`, `cod_cat`, `permiso_doc`) VALUES
(12198, 20018, 2);

-- --------------------------------------------------------

--
-- Estructura de tabla para la tabla `examenes`
--

CREATE TABLE IF NOT EXISTS `examenes` (
  `id_exam` int(10) unsigned NOT NULL,
  `id_guia` int(10) unsigned NOT NULL,
  `cod_cat` int(10) unsigned NOT NULL,
  `lu_alu` int(10) unsigned NOT NULL,
  `leg_doc` int(10) unsigned NOT NULL,
  `fecha` timestamp NOT NULL DEFAULT CURRENT_TIMESTAMP,
  `calificacion` int(11) NOT NULL DEFAULT '-1',
  `obs_exam` text,
  `porcentaje_exam` float DEFAULT NULL
) ENGINE=InnoDB AUTO_INCREMENT=63 DEFAULT CHARSET=utf8;

--
-- Volcado de datos para la tabla `examenes`
--

INSERT INTO `examenes` (`id_exam`, `id_guia`, `cod_cat`, `lu_alu`, `leg_doc`, `fecha`, `calificacion`, `obs_exam`, `porcentaje_exam`) VALUES
(3, 7, 20018, 112199, 12198, '2015-10-02 01:35:33', 1, '', -1),
(4, 7, 20018, 106038, 12198, '2015-10-02 01:55:10', 1, '', -1),
(5, 7, 20018, 109054, 12198, '2015-10-02 02:13:16', 1, '', -1),
(6, 7, 20018, 98064, 12198, '2015-10-02 02:29:43', 2, '', -1),
(7, 7, 20018, 112188, 12198, '2015-10-02 02:50:43', 1, '', -1),
(8, 7, 20018, 112207, 12198, '2015-10-02 03:06:42', 0, '', -1),
(9, 7, 20018, 112184, 12198, '2015-10-02 03:18:24', 1, '', -1),
(10, 7, 20018, 112216, 12198, '2015-10-02 03:32:42', 1, '', -1),
(11, 7, 20018, 112183, 12198, '2015-10-02 04:57:54', 1, '', -1),
(12, 7, 20018, 108406, 12198, '2015-10-02 05:14:52', 1, '', -1),
(13, 7, 20018, 106392, 12198, '2015-10-02 05:30:02', 1, '', -1),
(14, 7, 20018, 111792, 12198, '2015-10-07 04:17:15', 1, '', -1),
(15, 7, 20018, 112194, 12198, '2015-10-07 04:37:17', 2, '', -1),
(16, 7, 20018, 108824, 12198, '2015-10-07 04:55:05', 1, '', -1),
(17, 7, 20018, 109120, 12198, '2015-10-07 05:09:37', 2, '', -1),
(18, 7, 20018, 112181, 12198, '2015-10-07 05:24:29', 2, '', -1),
(19, 7, 20018, 98747, 12198, '2015-10-09 01:35:21', 0, '', -1),
(20, 7, 20018, 111805, 12198, '2015-10-09 01:57:50', 1, '', -1),
(21, 7, 20018, 103155, 12198, '2015-10-09 02:28:43', 2, '', -1),
(22, 7, 20018, 109150, 12198, '2015-10-09 02:51:21', 1, '', -1),
(23, 7, 20018, 106173, 12198, '2015-10-09 03:16:54', 2, '', -1),
(24, 7, 20018, 107505, 12198, '2015-10-09 03:40:42', 2, '', -1),
(25, 7, 20018, 112260, 12198, '2015-10-09 05:16:42', 1, '', -1),
(26, 7, 20018, 221117, 12198, '2015-10-09 05:33:22', 1, '', -1),
(27, 7, 20018, 107782, 12198, '2015-10-14 04:47:06', 2, '', -1),
(28, 7, 20018, 111809, 12198, '2015-10-14 05:02:56', 1, '', -1),
(29, 7, 20018, 112195, 12198, '2015-10-14 05:22:13', 1, '', -1),
(30, 7, 20018, 111080, 12198, '2015-10-14 05:34:48', 1, '', -1),
(31, 7, 20018, 104275, 12198, '2015-10-16 01:51:49', 2, '', -1),
(32, 7, 20018, 112194, 12198, '2015-10-16 02:13:36', 2, '', -1),
(33, 7, 20018, 112189, 12198, '2015-10-16 02:44:22', 2, '', -1),
(34, 7, 20018, 110532, 12198, '2015-10-16 03:19:55', 1, '', -1),
(35, 7, 20018, 112180, 12198, '2015-10-16 03:40:27', 0, '', -1),
(36, 7, 20018, 112178, 12198, '2015-10-16 03:57:27', 2, '', -1),
(37, 7, 20018, 112103, 12198, '2015-10-16 04:15:25', 2, '', -1),
(38, 7, 20018, 109123, 12198, '2015-10-16 04:33:06', 1, '', -1),
(39, 7, 20018, 111599, 12198, '2015-10-16 04:50:04', 2, '', -1),
(40, 7, 20018, 112180, 12198, '2015-10-21 01:05:15', 2, '', -1),
(41, 7, 20018, 112189, 12198, '2015-10-21 01:37:09', 2, '', -1),
(42, 7, 20018, 104275, 12198, '2015-10-21 01:43:05', 2, '', -1),
(43, 7, 20018, 101014, 12198, '2015-10-21 02:06:49', 2, '', -1),
(44, 7, 20018, 98747, 12198, '2015-10-21 02:16:24', 1, '', -1),
(45, 7, 20018, 112201, 12198, '2015-10-21 02:20:12', 2, '', -1),
(46, 7, 20018, 112209, 12198, '2015-10-21 03:24:09', 2, '', -1),
(47, 7, 20018, 112221, 12198, '2015-10-23 01:53:44', 0, '', -1),
(48, 7, 20018, 112202, 12198, '2015-10-23 02:09:06', 1, '', -1),
(49, 7, 20018, 98284, 12198, '2015-10-23 02:26:07', 2, '', -1),
(50, 7, 20018, 112204, 12198, '2015-10-23 02:44:37', 2, '', -1),
(51, 7, 20018, 112213, 12198, '2015-10-23 03:03:40', 1, '', -1),
(52, 7, 20018, 112175, 12198, '2015-10-23 03:19:39', 1, '', -1),
(53, 7, 20018, 112208, 12198, '2015-10-23 04:42:27', 1, '', -1),
(54, 7, 20018, 111797, 12198, '2015-10-23 04:54:06', 2, '', -1),
(55, 7, 20018, 112215, 12198, '2015-10-23 05:16:13', 1, '', -1),
(56, 7, 20018, 110812, 12198, '2015-10-23 05:32:29', 2, '', -1),
(57, 7, 20018, 104229, 12198, '2015-10-23 05:51:15', 2, '', -1),
(58, 7, 20018, 103027, 12198, '2015-11-04 17:42:20', 2, '', -1),
(59, 8, 20018, 104229, 12863, '2015-11-05 17:00:44', 0, '', 0);

-- --------------------------------------------------------

--
-- Estructura de tabla para la tabla `grupositems`
--

CREATE TABLE IF NOT EXISTS `grupositems` (
  `id_grupoitem` int(10) unsigned NOT NULL,
  `nom_grupoitem` varchar(255) DEFAULT NULL,
  `nro_grupoitem` int(10) unsigned DEFAULT NULL
) ENGINE=InnoDB AUTO_INCREMENT=17 DEFAULT CHARSET=utf8;

--
-- Volcado de datos para la tabla `grupositems`
--

INSERT INTO `grupositems` (`id_grupoitem`, `nom_grupoitem`, `nro_grupoitem`) VALUES
(1, 'Prepara material:', 2),
(2, 'Presión Arterial:', 7),
(3, 'Pulso:', 8),
(4, 'Temperatura:', 9),
(5, 'Temperatura:', 10),
(6, 'Dolor:', 11),
(7, 'Respecto del dolor abdominal:', 3),
(8, 'Prepara material:', 2),
(9, 'Prepara material:', 4),
(10, 'Conecta electrodos precordiales en orden y posición  adecuadas, con gel conductor:', 8),
(11, 'Prepara material:', 2),
(12, 'Prepara material:', 2),
(13, 'gruo', 5),
(14, '', 1),
(15, 'titulo grupo', 5),
(16, 'ffff', 3);

-- --------------------------------------------------------

--
-- Estructura de tabla para la tabla `guias`
--

CREATE TABLE IF NOT EXISTS `guias` (
  `id_guia` int(10) unsigned NOT NULL,
  `tit_guia` varchar(100) NOT NULL,
  `subtit_guia` varchar(160) DEFAULT NULL
) ENGINE=InnoDB AUTO_INCREMENT=22 DEFAULT CHARSET=utf8;

--
-- Volcado de datos para la tabla `guias`
--

INSERT INTO `guias` (`id_guia`, `tit_guia`, `subtit_guia`) VALUES
(1, 'Control de constantes vitales', NULL),
(2, 'Examen final de carrera - Estación nº 3', NULL),
(3, 'Medición de altura uterina', NULL),
(4, 'Electrocardiograma de 12 derivaciones', NULL),
(5, 'Atención de parto normal', NULL),
(6, 'Oximetría de pulso', NULL),
(7, 'Cateterismo Vesical Permanente', NULL),
(8, 'Técnica de lavado de manos húmedo', NULL),
(20, '65565', NULL),
(21, 'pruebaaaaa', NULL);

-- --------------------------------------------------------

--
-- Estructura de tabla para la tabla `guias_catedras`
--

CREATE TABLE IF NOT EXISTS `guias_catedras` (
  `id_guia` int(10) unsigned NOT NULL,
  `cod_cat` int(10) unsigned NOT NULL,
  `nro_guia` int(10) unsigned NOT NULL
) ENGINE=InnoDB DEFAULT CHARSET=utf8;

--
-- Volcado de datos para la tabla `guias_catedras`
--

INSERT INTO `guias_catedras` (`id_guia`, `cod_cat`, `nro_guia`) VALUES
(1, 20018, 6),
(2, 20059, 3),
(3, 20020, 1),
(4, 20022, 5),
(4, 20024, 1),
(5, 20063, 1),
(6, 20018, 11),
(7, 20018, 12),
(8, 20018, 1),
(20, 20018, 4555),
(21, 20018, 4444);

-- --------------------------------------------------------

--
-- Estructura de tabla para la tabla `items`
--

CREATE TABLE IF NOT EXISTS `items` (
  `id_item` int(10) unsigned NOT NULL,
  `nom_item` varchar(255) NOT NULL,
  `solo_texto` tinyint(1) NOT NULL DEFAULT '0'
) ENGINE=InnoDB AUTO_INCREMENT=192 DEFAULT CHARSET=utf8;

--
-- Volcado de datos para la tabla `items`
--

INSERT INTO `items` (`id_item`, `nom_item`, `solo_texto`) VALUES
(1, 'Se lava las manos al inicio del procedimiento.', 0),
(2, 'Bandeja.', 0),
(3, 'Torundas de algodón.', 0),
(4, 'Estetoscopio y esfigmomanómetro.', 0),
(5, 'Reloj.', 0),
(6, 'Termómetro digital.', 0),
(7, 'Alcohol en gel.', 0),
(8, 'Alcohol al 70%.', 0),
(9, 'Hojas de registro.', 0),
(10, 'Bolígrafo.', 0),
(11, 'Bolsa roja.', 0),
(12, 'Toallas descartables.', 0),
(13, 'Se presenta al paciente y lo identifica.', 0),
(14, 'Explica el procedimiento a realizar.', 0),
(15, 'Considera la privacidad del usuario.', 0),
(16, 'Tiene en cuenta los factores predisponentes que alteran la presión arterial, pulso, frecuencia  respiratoria,  temperatura y dolor.', 0),
(17, 'Coloca adecuadamente el manguito.', 0),
(18, 'Palpa pulsos para localizar arterias (radial y braquial).', 0),
(19, 'Insufla el manguito de acuerdo al pulso radial percibido y 20 mmHg. por encima de la ausencia del mismo.', 0),
(20, 'Coloca la membrana del estetoscopio en el lugar adecuado (arteria braquial).', 0),
(21, 'Abre la válvula del rubinete y desinfla el manguito.', 0),
(22, 'Percibe presión arterial sistólica y diastólica.', 0),
(23, 'Ubica adecuadamente la arteria para tomar pulso radial.', 0),
(24, 'Tiene en cuenta las características del pulso (frecuencia, ritmo, amplitud y elasticidad).', 0),
(25, 'Utiliza  el tiempo correcto, 60’’ o 30’’ si es regular.', 0),
(26, 'Verifica el estado de la axila.', 0),
(27, 'Utiliza las toallas descartables si es necesario.', 0),
(28, 'Coloca el termómetro en la línea media axilar.', 0),
(29, 'Espera el tiempo correcto para la lectura según el termómetro utilizado.', 0),
(30, 'Tiene en cuenta las características de la respiración (frecuencia, profundidad, ritmo y calidad).', 0),
(31, 'Utiliza  el tiempo correcto (60’’).', 0),
(32, 'Dolor: Explica el procedimiento.', 0),
(33, 'Solicita que ubique grado de dolor en la escala numérica.', 0),
(34, 'Limpia y ordena  los elementos utilizados.', 0),
(35, 'Informa al usuario los valores obtenidos.', 0),
(36, 'Se lava las manos al finalizar el procedimiento.', 0),
(37, 'Registra el procedimiento.', 0),
(38, 'Investiga comienzo', 0),
(39, 'Investiga evolución', 0),
(40, 'Localización', 0),
(41, 'Irradiación', 0),
(42, 'Calma con las comidas', 0),
(43, 'Horarios', 0),
(44, 'Duración', 0),
(45, 'Investiga nauseas', 0),
(46, 'Investiga vomito', 0),
(47, 'Investiga sobre la dieta (debe preguntar sobre tipo de alimentos y cantidad', 0),
(48, 'Anuncia que realiza inspección y observa el abdomen por instante (no se penaliza si no observa la contracción muscular o la inspiración profunda)', 0),
(49, 'Realiza palpación superficial (debe comenzar por el lugar opuesto al dolor)', 0),
(50, 'Realiza maniobra de descomprensión abdominal', 0),
(51, 'Realiza al menos una de las siguientes maniobras (búsqueda del signo de psoas, del obturador, Rovsing) ', 0),
(52, 'Realiza auscultación del abdomen', 0),
(53, 'Ecografía', 0),
(54, 'Recuento leucocitario o hemograma', 0),
(55, 'Sedimento urinario', 0),
(56, 'Examenes solicitados', 1),
(57, 'DEBE DECIR Abdomen agudo quirúrgico o Apendicitis aguda o abdomen agudo inflamatorio', 0),
(58, '¿Qué diagnóstico considera como más probable?', 1),
(59, 'Internación en observación', 0),
(60, 'Consulta con cirujano de guardia', 0),
(61, '¿Qué decisión tomaría con el paciente?', 1),
(62, 'Cinta métrica', 0),
(63, 'Se presenta al usuario', 0),
(64, 'Identifica al usuario', 0),
(65, 'Coloca a la embarazada decúbito dorsal.', 0),
(66, 'Le pide que se afloje y descienda el pantalón (en caso que lo tenga).', 0),
(67, 'Cubre la pelvis con la salea.', 0),
(68, 'Palpa la sínfisis pubiana.', 0),
(69, 'Coloca el extremo de la cinta métrica y la sujeta con la mano no hábil.', 0),
(70, 'Con la mano diestra desplaza la cinta hasta la palpación del fondo uterino.', 0),
(71, 'Lee la medición.', 0),
(72, 'Acondiciona a la mujer.', 0),
(73, 'Electrocardiógrafo', 0),
(74, 'Gel conductor', 0),
(75, 'Conecta el electrocardiógrafo a la fuente de energía.', 0),
(76, 'Conecta el cable a tierra adecuadamente.', 0),
(77, 'Conecta electrodos de los miembros adecuadamente, en regiones que no tengan prominencias óseas ni movimientos significativos: MSD (rojo), MSI (amarillo), MII (verde) y MID (negro), con gel conductor.', 0),
(78, 'V1 en borde esternal derecho, 4° espacio intercostal (EIC) ', 0),
(79, 'V2 en borde esternal izquierdo, 4° espacio intercostal (EIC) ', 0),
(80, 'V4 en línea medio-clavicular izquierda, 5° espacio intercostal (EIC) ', 0),
(81, 'V3 entre V2 y V4 ', 0),
(82, 'V5 en línea axilar anterior izquierda, 5° espacio intercostal (EIC)', 0),
(83, 'V6 en línea media axilar, 5° espacio intercostal (EIC) ', 0),
(84, 'Comienza a desplazarse el papel a una velocidad de 25 mm por segundo.', 0),
(85, 'Marca standard al inicio del electrocardiograma (manualmente).', 0),
(86, 'Registra las derivaciones en el siguiente orden: DI, DII, DIII, AVR, AVL, AVF, V1, V2, V3, V4, V5 y V6.', 0),
(87, 'Acondiciona al paciente.', 0),
(88, 'Rotula el ECG con nombre del paciente, habitación, cama, fecha, hora, edad.', 0),
(89, 'Registra adecuadamente el procedimiento y el resultado de la medición.', 0),
(90, 'Explicación a la paciente del procedimiento: realización de la antisepsia, momento de los pujos, respiración.', 0),
(91, 'Realiza antisepsia de región vulvoperineal', 0),
(92, 'Coloca el campo quirúrgico entre el periné y la camilla', 0),
(93, 'Invita a la paciente a pujar durante las contracciones', 0),
(94, 'Protege el periné cuando corona la presentación', 0),
(95, 'Realiza la rotación de hombros para colocar el hombro anterior debajo de pubis, traccionando hacia abajo', 0),
(96, 'Cuando exterioriza el hombro anterior, realiza la rotación para el hombro posterior (en sentido contrario) con suave tracción hacia abajo', 0),
(97, 'Indica Ocitocina para el alumbramiento activo', 0),
(98, 'Extrae el feto y lo coloca sobre el abdomen de la paciente, el neonatólogo ha colocado el otro campo quirúrgico sobre el abdomen de la madre', 0),
(99, 'Espera al menos un minuto para realizar la ligadura del cordón umbilical (puede palpar los latidos del mismo para establecer el momento oportuno)', 0),
(100, 'Liga el cordón umbilical y entrega el recién nacido al neonatólogo', 0),
(101, 'Espera el alumbramiento con tracción sostenida del cordón', 0),
(102, 'Cuando se exterioriza la placenta la extrae y la descarta en recipiente con bolsa roja ', 0),
(103, 'Realiza masaje del fondo uterino (ó solicita a un ayudante que lo realice)', 0),
(104, 'Comprueba indemnidad del periné', 0),
(105, 'Comprueba contracción uterina y cese de la pérdida hemática', 0),
(106, 'Indica a la paciente cómo masajear el fondo uterino cuando se movilice.', 0),
(107, 'Realiza limpieza del periné con antiséptico.', 0),
(108, 'Cubre el periné con apósito ', 0),
(109, 'Se saca los guantes y los descarta en el recipiente', 0),
(110, 'Saluda a la mujer y le explica que durante dos horas se realizará control estricto del sangrado, que puede tomar líquidos y comer liviano', 0),
(111, 'Oxímetro de pulso', 0),
(112, 'Identifica sitios correctos donde puede realizarse la medición (dedos de la mano o lóbulo de las orejas).', 0),
(113, 'Identifica elementos que podrían arrojar valores erróneos.', 0),
(114, 'Valora la oximetría de pulso.', 0),
(115, 'Decontamina el oxímetro con torundas de algodón y alcohol al 70%.', 0),
(116, 'Jarra y chata', 0),
(117, 'Paños o apósitos', 0),
(118, 'Iodopovidona solución jabonosa', 0),
(119, 'Guantes', 0),
(120, 'Guantes estériles', 0),
(121, 'Solución de Iodopovidona', 0),
(122, 'Gasas estériles', 0),
(123, 'Compresa estéril fenestrada', 0),
(124, 'Compresa estéril cerrada', 0),
(125, 'Catéter Foley del calibre adecuado', 0),
(126, 'Lidocaína jalea', 0),
(127, '2 jeringas de 10 ml.', 0),
(128, 'Ampollas de agua destilada estéril', 0),
(129, 'Bolsa colectora', 0),
(130, 'Cinta adhesiva', 0),
(131, 'Hoja de registro y bolígrafo', 0),
(132, 'Bandeja', 0),
(133, 'Bolsa roja', 0),
(134, 'Se coloca los guantes', 0),
(135, 'Realiza higiene perineal', 0),
(136, 'Se retira los guantes y los descarta', 0),
(137, 'Se lava manos', 0),
(138, 'Prepara material estéril sin contaminar', 0),
(139, 'Se coloca guantes estériles', 0),
(140, 'Inyecta lidocaína con jeringa en la uretra manteniendo el pene a 90 grados', 0),
(141, 'Introduce el catéter sin contaminar hasta hacer tope en el ángulo prostático', 0),
(142, 'Posiciona el pene en ángulo de 45 grados y continúa introduciendo el catéter hasta la bifurcación del mismo', 0),
(143, 'Verifica la ubicación', 0),
(144, 'Conecta el catéter a la bolsa colectora', 0),
(145, 'Insufla el balón con 10 ml de agua destilada', 0),
(146, 'Retrae suavemente el catéter hasta que haga tope', 0),
(147, 'Retira las compresas y las descarta', 0),
(148, 'Fija la tubuladura al muslo con cinta adhesiva', 0),
(149, 'Limpia y ordena los elementos utilizados', 0),
(150, 'Descarta el material y se retira los guantes', 0),
(151, 'Se lava las manos', 0),
(152, 'Registra el procedimiento', 0),
(153, 'Se retira anillos, pulseras y reloj.', 0),
(154, 'Abre la canilla y se moja las manos.', 0),
(155, 'Presiona el dispensador de jabón.', 0),
(156, 'Se enjabona las manos y fricciona enérgicamente las palmas.', 0),
(157, 'Coloca la palma izquierda sobre el dorso derecho, entrelazando los dedos y viceversa.', 0),
(158, 'Coloca palma contra palma y entrelaza los dedos', 0),
(159, 'Frota las uñas con palma opuesta con los dedos unidos', 0),
(160, 'Frota el pulgar izquierdo en forma circular sobre la palma derecha y viceversa', 0),
(161, 'Frota las yemas de los dedis en la palma izquierd en forma circular y vicerversa', 0),
(162, 'Enjuaga las manos con abundante agua', 0),
(163, 'Toma una toalla descartable y seca las manos', 0),
(164, 'Con la misma toalla envuelve la canilla y la cierra', 0),
(165, 'Descarta la toalla en el recipiente correspondiente', 0);

-- --------------------------------------------------------

--
-- Estructura de tabla para la tabla `itemsestudiante`
--

CREATE TABLE IF NOT EXISTS `itemsestudiante` (
  `id_itemest` int(10) unsigned NOT NULL,
  `nom_itemest` varchar(255) NOT NULL
) ENGINE=InnoDB AUTO_INCREMENT=13 DEFAULT CHARSET=utf8;

--
-- Volcado de datos para la tabla `itemsestudiante`
--

INSERT INTO `itemsestudiante` (`id_itemest`, `nom_itemest`) VALUES
(1, 'Realizar la técnica completa y su registro.'),
(2, 'Tiempo para leer el caso: 2 minutos.'),
(3, 'Tiempo para preparar los materiales: 3 minutos.'),
(4, 'Tiempo para realizar y registrar la técnica: 10 minutos.'),
(5, 'Realizar la técnica completa.'),
(6, 'Tiempo para realizar y registrar la técnica: 5 minutos.'),
(7, 'Tiempo para leer el caso: 1 minuto.'),
(8, 'Requerimientos: Haber leído / comprendido / preguntado las maniobras de atención del parto normal de término en cefálica. \nHaber visto partos normales de término en cefálica\n'),
(9, 'Ud. deberá realizar el parto normal de término de un feto en cefálica, relatando cada paso que realice en voz alta y comunicándose con la paciente simulada y su asistente (enfermera / neonatólogo)'),
(10, 'Realizar el procedimiento completo y su registro.'),
(11, 'Tiempo para preparar los materiales: 2 minutos.'),
(12, 'Tiempo para realizar y registrar la técnica: 3 minutos.');

-- --------------------------------------------------------

--
-- Estructura de tabla para la tabla `itemsestudiante_guias`
--

CREATE TABLE IF NOT EXISTS `itemsestudiante_guias` (
  `id_itemest` int(10) unsigned NOT NULL,
  `id_guia` int(10) unsigned NOT NULL,
  `nro_item` int(10) unsigned NOT NULL
) ENGINE=InnoDB DEFAULT CHARSET=utf8;

--
-- Volcado de datos para la tabla `itemsestudiante_guias`
--

INSERT INTO `itemsestudiante_guias` (`id_itemest`, `id_guia`, `nro_item`) VALUES
(1, 1, 1),
(2, 1, 2),
(2, 3, 2),
(2, 6, 2),
(3, 1, 3),
(3, 3, 3),
(3, 4, 3),
(4, 1, 4),
(4, 4, 4),
(5, 3, 1),
(5, 4, 1),
(6, 3, 4),
(7, 4, 2),
(8, 5, 1),
(9, 5, 2),
(10, 6, 1),
(11, 6, 3),
(12, 6, 4);

-- --------------------------------------------------------

--
-- Estructura de tabla para la tabla `items_examenes`
--

CREATE TABLE IF NOT EXISTS `items_examenes` (
  `id_item` int(10) unsigned NOT NULL,
  `id_exam` int(10) unsigned NOT NULL,
  `estado_item` int(11) NOT NULL DEFAULT '-1',
  `obs_item` text
) ENGINE=InnoDB DEFAULT CHARSET=utf8;

--
-- Volcado de datos para la tabla `items_examenes`
--

INSERT INTO `items_examenes` (`id_item`, `id_exam`, `estado_item`, `obs_item`) VALUES
(1, 3, 1, ''),
(1, 4, 1, ''),
(1, 5, 1, ''),
(1, 6, 1, ''),
(1, 7, -1, ''),
(1, 8, 1, ''),
(1, 9, 1, ''),
(1, 10, 1, ''),
(1, 11, 1, ''),
(1, 12, 1, ''),
(1, 13, 1, ''),
(1, 14, 1, ''),
(1, 15, 1, ''),
(1, 16, 1, ''),
(1, 17, 1, ''),
(1, 18, 1, ''),
(1, 19, 1, ''),
(1, 20, 1, ''),
(1, 21, 1, ''),
(1, 22, 1, ''),
(1, 23, 1, ''),
(1, 24, 1, ''),
(1, 25, 1, ''),
(1, 26, 1, ''),
(1, 27, 1, 'falta un paso'),
(1, 28, 1, ''),
(1, 29, 1, ''),
(1, 30, -1, ''),
(1, 31, 1, ''),
(1, 32, 1, ''),
(1, 33, 1, ''),
(1, 34, 1, ''),
(1, 35, 1, ''),
(1, 36, 1, ''),
(1, 37, 1, ''),
(1, 38, 1, ''),
(1, 39, 1, ''),
(1, 40, 1, ''),
(1, 41, 1, ''),
(1, 42, 1, ''),
(1, 43, 1, ''),
(1, 44, 1, ''),
(1, 45, 1, ''),
(1, 46, 1, ''),
(1, 47, 1, ''),
(1, 48, 1, ''),
(1, 49, 1, ''),
(1, 50, 1, ''),
(1, 51, 1, ''),
(1, 52, 1, ''),
(1, 53, 1, ''),
(1, 54, 1, ''),
(1, 55, 1, ''),
(1, 56, 1, ''),
(1, 57, 1, ''),
(1, 58, -1, ''),
(7, 3, 1, ''),
(7, 4, 1, ''),
(7, 5, 1, ''),
(7, 6, 1, ''),
(7, 7, 1, ''),
(7, 8, 1, ''),
(7, 9, 1, ''),
(7, 10, 1, ''),
(7, 11, 1, ''),
(7, 12, 1, ''),
(7, 13, 1, ''),
(7, 14, 1, ''),
(7, 15, 1, ''),
(7, 16, 1, ''),
(7, 17, 1, ''),
(7, 18, 1, ''),
(7, 19, 1, ''),
(7, 20, 1, ''),
(7, 21, 1, ''),
(7, 22, 1, ''),
(7, 23, 0, ''),
(7, 24, 1, ''),
(7, 25, 1, ''),
(7, 26, 1, ''),
(7, 27, 1, ''),
(7, 28, 1, ''),
(7, 29, 1, ''),
(7, 30, 1, ''),
(7, 31, 1, ''),
(7, 32, 1, ''),
(7, 33, 1, ''),
(7, 34, 1, ''),
(7, 35, 1, ''),
(7, 36, 1, ''),
(7, 37, 1, ''),
(7, 38, 1, ''),
(7, 39, 1, ''),
(7, 40, 1, ''),
(7, 41, 1, ''),
(7, 42, 1, ''),
(7, 43, 1, ''),
(7, 44, 1, ''),
(7, 45, 1, ''),
(7, 46, 1, ''),
(7, 47, 1, ''),
(7, 48, 1, ''),
(7, 49, 1, ''),
(7, 50, 1, ''),
(7, 51, 1, ''),
(7, 52, 1, ''),
(7, 53, 1, ''),
(7, 54, 1, ''),
(7, 55, 1, ''),
(7, 56, 1, ''),
(7, 57, 1, ''),
(7, 58, -1, ''),
(116, 3, 1, ''),
(116, 4, 1, ''),
(116, 5, 1, ''),
(116, 6, 1, ''),
(116, 7, 1, ''),
(116, 8, 1, ''),
(116, 9, 1, ''),
(116, 10, 1, ''),
(116, 11, 1, ''),
(116, 12, 1, ''),
(116, 13, 1, ''),
(116, 14, 1, ''),
(116, 15, 1, ''),
(116, 16, 1, ''),
(116, 17, 1, ''),
(116, 18, 1, ''),
(116, 19, 1, ''),
(116, 20, 1, ''),
(116, 21, 1, ''),
(116, 22, 1, ''),
(116, 23, 1, ''),
(116, 24, 1, ''),
(116, 25, 1, ''),
(116, 26, 1, ''),
(116, 27, 1, ''),
(116, 28, 1, ''),
(116, 29, 1, ''),
(116, 30, 1, ''),
(116, 31, 1, ''),
(116, 32, 1, ''),
(116, 33, 1, ''),
(116, 34, 1, ''),
(116, 35, 1, ''),
(116, 36, 1, ''),
(116, 37, 1, ''),
(116, 38, 1, ''),
(116, 39, 1, ''),
(116, 40, 1, ''),
(116, 41, 1, ''),
(116, 42, 1, ''),
(116, 43, 1, ''),
(116, 44, 1, ''),
(116, 45, 1, ''),
(116, 46, 1, ''),
(116, 47, 1, ''),
(116, 48, 1, ''),
(116, 49, 1, ''),
(116, 50, 1, ''),
(116, 51, 1, ''),
(116, 52, 1, ''),
(116, 53, 1, ''),
(116, 54, 1, ''),
(116, 55, 1, ''),
(116, 56, 1, ''),
(116, 57, 1, ''),
(116, 58, -1, ''),
(117, 3, 1, ''),
(117, 4, 1, ''),
(117, 5, 1, ''),
(117, 6, 1, ''),
(117, 7, 1, ''),
(117, 8, 1, ''),
(117, 9, 1, ''),
(117, 10, 1, ''),
(117, 11, 1, ''),
(117, 12, 1, ''),
(117, 13, 1, ''),
(117, 14, 1, ''),
(117, 15, 1, ''),
(117, 16, 1, ''),
(117, 17, 1, ''),
(117, 18, 1, ''),
(117, 19, 1, ''),
(117, 20, 1, ''),
(117, 21, 1, ''),
(117, 22, 1, ''),
(117, 23, 1, ''),
(117, 24, 1, ''),
(117, 25, 1, ''),
(117, 26, 1, ''),
(117, 27, 1, ''),
(117, 28, 1, ''),
(117, 29, 1, ''),
(117, 30, 1, ''),
(117, 31, 1, ''),
(117, 32, 1, ''),
(117, 33, 1, ''),
(117, 34, 1, ''),
(117, 35, 1, ''),
(117, 36, 1, ''),
(117, 37, 1, ''),
(117, 38, 1, ''),
(117, 39, 1, ''),
(117, 40, 1, ''),
(117, 41, 1, ''),
(117, 42, 1, ''),
(117, 43, 1, ''),
(117, 44, 1, ''),
(117, 45, 1, ''),
(117, 46, 1, ''),
(117, 47, 1, ''),
(117, 48, 1, ''),
(117, 49, 1, ''),
(117, 50, 1, ''),
(117, 51, 1, ''),
(117, 52, 1, ''),
(117, 53, 1, ''),
(117, 54, 1, ''),
(117, 55, 1, ''),
(117, 56, 1, ''),
(117, 57, 1, ''),
(117, 58, -1, ''),
(118, 3, 1, ''),
(118, 4, 1, ''),
(118, 5, 1, ''),
(118, 6, 1, ''),
(118, 7, 1, ''),
(118, 8, 1, ''),
(118, 9, 1, ''),
(118, 10, 1, ''),
(118, 11, 1, ''),
(118, 12, 1, ''),
(118, 13, 1, ''),
(118, 14, 1, ''),
(118, 15, 1, ''),
(118, 16, 1, ''),
(118, 17, 1, ''),
(118, 18, 1, ''),
(118, 19, 1, ''),
(118, 20, 1, ''),
(118, 21, 1, ''),
(118, 22, 1, ''),
(118, 23, 1, ''),
(118, 24, 1, ''),
(118, 25, 1, ''),
(118, 26, 1, ''),
(118, 27, 1, ''),
(118, 28, 1, ''),
(118, 29, 1, ''),
(118, 30, 1, ''),
(118, 31, 1, ''),
(118, 32, 1, ''),
(118, 33, 1, ''),
(118, 34, 1, ''),
(118, 35, 1, ''),
(118, 36, 1, ''),
(118, 37, 1, ''),
(118, 38, 1, ''),
(118, 39, 1, ''),
(118, 40, 1, ''),
(118, 41, 1, ''),
(118, 42, 1, ''),
(118, 43, 1, ''),
(118, 44, 1, ''),
(118, 45, 1, ''),
(118, 46, 1, ''),
(118, 47, 1, ''),
(118, 48, 1, ''),
(118, 49, 1, ''),
(118, 50, 1, ''),
(118, 51, 1, ''),
(118, 52, 1, ''),
(118, 53, 1, ''),
(118, 54, 1, ''),
(118, 55, 1, ''),
(118, 56, 1, ''),
(118, 57, 1, ''),
(118, 58, -1, ''),
(119, 3, 1, ''),
(119, 4, 1, ''),
(119, 5, 1, ''),
(119, 6, 1, ''),
(119, 7, 1, ''),
(119, 8, 1, ''),
(119, 9, 1, ''),
(119, 10, 1, ''),
(119, 11, 1, ''),
(119, 12, 1, ''),
(119, 13, 1, ''),
(119, 14, 1, ''),
(119, 15, 1, ''),
(119, 16, 1, ''),
(119, 17, 1, ''),
(119, 18, 1, ''),
(119, 19, 1, ''),
(119, 20, 1, ''),
(119, 21, 1, ''),
(119, 22, 1, ''),
(119, 23, 1, ''),
(119, 24, 1, ''),
(119, 25, 1, ''),
(119, 26, 1, ''),
(119, 27, 1, ''),
(119, 28, 1, ''),
(119, 29, 1, ''),
(119, 30, 1, ''),
(119, 31, 1, ''),
(119, 32, 1, ''),
(119, 33, 1, ''),
(119, 34, 1, ''),
(119, 35, 1, ''),
(119, 36, 1, ''),
(119, 37, 1, ''),
(119, 38, 1, ''),
(119, 39, 1, ''),
(119, 40, 1, ''),
(119, 41, 1, ''),
(119, 42, 1, ''),
(119, 43, 1, ''),
(119, 44, 1, ''),
(119, 45, 1, ''),
(119, 46, 1, ''),
(119, 47, 1, ''),
(119, 48, 1, ''),
(119, 49, 1, ''),
(119, 50, 1, ''),
(119, 51, 1, ''),
(119, 52, 1, ''),
(119, 53, 1, ''),
(119, 54, 1, ''),
(119, 55, 1, ''),
(119, 56, 1, ''),
(119, 57, 1, ''),
(119, 58, -1, ''),
(120, 3, 1, ''),
(120, 4, 1, ''),
(120, 5, 1, ''),
(120, 6, 1, ''),
(120, 7, 1, ''),
(120, 8, 1, ''),
(120, 9, 1, ''),
(120, 10, 1, ''),
(120, 11, 1, ''),
(120, 12, 1, ''),
(120, 13, 1, ''),
(120, 14, 1, ''),
(120, 15, 1, ''),
(120, 16, 1, ''),
(120, 17, 1, ''),
(120, 18, 1, ''),
(120, 19, 1, ''),
(120, 20, 1, ''),
(120, 21, 1, ''),
(120, 22, 1, ''),
(120, 23, 1, ''),
(120, 24, 1, ''),
(120, 25, 1, ''),
(120, 26, 1, ''),
(120, 27, 1, ''),
(120, 28, 1, ''),
(120, 29, 1, ''),
(120, 30, 1, ''),
(120, 31, 1, ''),
(120, 32, 1, ''),
(120, 33, 1, ''),
(120, 34, 1, ''),
(120, 35, 1, ''),
(120, 36, 1, ''),
(120, 37, 1, ''),
(120, 38, 1, ''),
(120, 39, 1, ''),
(120, 40, 1, ''),
(120, 41, 1, ''),
(120, 42, 1, ''),
(120, 43, 1, ''),
(120, 44, 1, ''),
(120, 45, 1, ''),
(120, 46, 1, ''),
(120, 47, 1, ''),
(120, 48, 1, ''),
(120, 49, 1, ''),
(120, 50, 1, ''),
(120, 51, 1, ''),
(120, 52, 1, ''),
(120, 53, 1, ''),
(120, 54, 1, ''),
(120, 55, 1, ''),
(120, 56, 1, ''),
(120, 57, 1, ''),
(120, 58, -1, ''),
(121, 3, 1, ''),
(121, 4, 1, ''),
(121, 5, 1, ''),
(121, 6, 1, ''),
(121, 7, 1, ''),
(121, 8, 1, ''),
(121, 9, 1, ''),
(121, 10, 1, ''),
(121, 11, 1, ''),
(121, 12, 1, ''),
(121, 13, 1, ''),
(121, 14, 1, ''),
(121, 15, 1, ''),
(121, 16, 1, ''),
(121, 17, 1, ''),
(121, 18, 1, ''),
(121, 19, 1, ''),
(121, 20, 1, ''),
(121, 21, 1, ''),
(121, 22, 1, ''),
(121, 23, 1, ''),
(121, 24, 1, ''),
(121, 25, 1, ''),
(121, 26, 1, ''),
(121, 27, 1, ''),
(121, 28, 1, ''),
(121, 29, 1, ''),
(121, 30, 1, ''),
(121, 31, 1, ''),
(121, 32, 1, ''),
(121, 33, 1, ''),
(121, 34, 1, ''),
(121, 35, 1, ''),
(121, 36, 1, ''),
(121, 37, 1, ''),
(121, 38, 1, ''),
(121, 39, 1, ''),
(121, 40, 1, ''),
(121, 41, 1, ''),
(121, 42, 1, ''),
(121, 43, 1, ''),
(121, 44, 1, ''),
(121, 45, 1, ''),
(121, 46, 1, ''),
(121, 47, 1, ''),
(121, 48, 1, ''),
(121, 49, 1, ''),
(121, 50, 1, ''),
(121, 51, 1, ''),
(121, 52, 1, ''),
(121, 53, 1, ''),
(121, 54, 1, ''),
(121, 55, 1, ''),
(121, 56, 1, ''),
(121, 57, 1, ''),
(121, 58, -1, ''),
(122, 3, 1, ''),
(122, 4, 1, ''),
(122, 5, 1, ''),
(122, 6, 1, ''),
(122, 7, 1, ''),
(122, 8, 1, ''),
(122, 9, 1, ''),
(122, 10, 1, ''),
(122, 11, 1, ''),
(122, 12, 1, ''),
(122, 13, 1, ''),
(122, 14, 1, ''),
(122, 15, 1, ''),
(122, 16, 1, ''),
(122, 17, 1, ''),
(122, 18, 1, ''),
(122, 19, 1, ''),
(122, 20, 1, ''),
(122, 21, 1, ''),
(122, 22, 1, ''),
(122, 23, 1, ''),
(122, 24, 1, ''),
(122, 25, 1, ''),
(122, 26, 1, ''),
(122, 27, 1, ''),
(122, 28, 1, ''),
(122, 29, 1, ''),
(122, 30, 1, ''),
(122, 31, 1, ''),
(122, 32, 1, ''),
(122, 33, 1, ''),
(122, 34, 1, ''),
(122, 35, 1, ''),
(122, 36, 1, ''),
(122, 37, 1, ''),
(122, 38, 1, ''),
(122, 39, 1, ''),
(122, 40, 1, ''),
(122, 41, 1, ''),
(122, 42, 1, ''),
(122, 43, 1, ''),
(122, 44, 1, ''),
(122, 45, 1, ''),
(122, 46, 1, ''),
(122, 47, 1, ''),
(122, 48, 1, ''),
(122, 49, 1, ''),
(122, 50, 1, ''),
(122, 51, 1, ''),
(122, 52, 1, ''),
(122, 53, 1, ''),
(122, 54, 1, ''),
(122, 55, 1, ''),
(122, 56, 1, ''),
(122, 57, 1, ''),
(122, 58, -1, ''),
(123, 3, 1, ''),
(123, 4, 1, ''),
(123, 5, 1, ''),
(123, 6, 1, ''),
(123, 7, 1, ''),
(123, 8, 1, ''),
(123, 9, 1, ''),
(123, 10, 1, ''),
(123, 11, 1, ''),
(123, 12, 1, ''),
(123, 13, 1, ''),
(123, 14, 1, ''),
(123, 15, 1, ''),
(123, 16, 1, ''),
(123, 17, 1, ''),
(123, 18, 1, ''),
(123, 19, 1, ''),
(123, 20, 1, ''),
(123, 21, 1, ''),
(123, 22, 1, ''),
(123, 23, 1, ''),
(123, 24, 1, ''),
(123, 25, 1, ''),
(123, 26, 1, ''),
(123, 27, 1, ''),
(123, 28, 1, ''),
(123, 29, 1, ''),
(123, 30, 1, ''),
(123, 31, 1, ''),
(123, 32, 1, ''),
(123, 33, 1, ''),
(123, 34, 1, ''),
(123, 35, 1, ''),
(123, 36, 1, ''),
(123, 37, 1, ''),
(123, 38, 1, ''),
(123, 39, 1, ''),
(123, 40, 1, ''),
(123, 41, 1, ''),
(123, 42, 1, ''),
(123, 43, 1, ''),
(123, 44, 1, ''),
(123, 45, 1, ''),
(123, 46, 1, ''),
(123, 47, 1, ''),
(123, 48, 1, ''),
(123, 49, 1, ''),
(123, 50, 1, ''),
(123, 51, 1, ''),
(123, 52, 1, ''),
(123, 53, 1, ''),
(123, 54, 1, ''),
(123, 55, 1, ''),
(123, 56, 1, ''),
(123, 57, 1, ''),
(123, 58, -1, ''),
(124, 3, 1, ''),
(124, 4, 1, ''),
(124, 5, 1, ''),
(124, 6, 1, ''),
(124, 7, 1, ''),
(124, 8, 1, ''),
(124, 9, 1, ''),
(124, 10, 1, ''),
(124, 11, 1, ''),
(124, 12, 1, ''),
(124, 13, 1, ''),
(124, 14, 1, ''),
(124, 15, 1, ''),
(124, 16, 1, ''),
(124, 17, 1, ''),
(124, 18, 1, ''),
(124, 19, 1, ''),
(124, 20, 1, ''),
(124, 21, 1, ''),
(124, 22, 1, ''),
(124, 23, 1, ''),
(124, 24, 1, ''),
(124, 25, 1, ''),
(124, 26, 1, ''),
(124, 27, 1, ''),
(124, 28, 1, ''),
(124, 29, 1, ''),
(124, 30, 1, ''),
(124, 31, 1, ''),
(124, 32, 1, ''),
(124, 33, 1, ''),
(124, 34, 1, ''),
(124, 35, 1, ''),
(124, 36, 1, ''),
(124, 37, 1, ''),
(124, 38, 1, ''),
(124, 39, 1, ''),
(124, 40, 1, ''),
(124, 41, 1, ''),
(124, 42, 1, ''),
(124, 43, 1, ''),
(124, 44, 1, ''),
(124, 45, 1, ''),
(124, 46, 1, ''),
(124, 47, 1, ''),
(124, 48, 1, ''),
(124, 49, 1, ''),
(124, 50, 1, ''),
(124, 51, 1, ''),
(124, 52, 1, ''),
(124, 53, 1, ''),
(124, 54, 1, ''),
(124, 55, 1, ''),
(124, 56, 1, ''),
(124, 57, 1, ''),
(124, 58, -1, ''),
(125, 3, 1, ''),
(125, 4, 1, ''),
(125, 5, 1, ''),
(125, 6, 1, ''),
(125, 7, 1, ''),
(125, 8, 1, ''),
(125, 9, 1, ''),
(125, 10, 1, ''),
(125, 11, 1, ''),
(125, 12, 1, ''),
(125, 13, 1, ''),
(125, 14, 1, ''),
(125, 15, 1, ''),
(125, 16, 1, ''),
(125, 17, 1, ''),
(125, 18, 1, ''),
(125, 19, 1, ''),
(125, 20, 1, ''),
(125, 21, 1, ''),
(125, 22, 1, ''),
(125, 23, 1, ''),
(125, 24, 1, ''),
(125, 25, 1, ''),
(125, 26, 1, ''),
(125, 27, 1, ''),
(125, 28, 1, ''),
(125, 29, 1, ''),
(125, 30, 1, ''),
(125, 31, 1, ''),
(125, 32, 1, ''),
(125, 33, 1, ''),
(125, 34, 1, ''),
(125, 35, 1, ''),
(125, 36, 1, ''),
(125, 37, 1, ''),
(125, 38, 1, ''),
(125, 39, 1, ''),
(125, 40, 1, ''),
(125, 41, 1, ''),
(125, 42, 1, ''),
(125, 43, 1, ''),
(125, 44, 1, ''),
(125, 45, 1, ''),
(125, 46, 1, ''),
(125, 47, 1, ''),
(125, 48, 1, ''),
(125, 49, 1, ''),
(125, 50, 1, ''),
(125, 51, 1, ''),
(125, 52, 1, ''),
(125, 53, 1, ''),
(125, 54, 1, ''),
(125, 55, 1, ''),
(125, 56, 1, ''),
(125, 57, 1, ''),
(125, 58, -1, ''),
(126, 3, 1, ''),
(126, 4, 1, ''),
(126, 5, 1, ''),
(126, 6, 1, ''),
(126, 7, 1, ''),
(126, 8, 1, ''),
(126, 9, 1, ''),
(126, 10, 1, ''),
(126, 11, 1, ''),
(126, 12, 1, ''),
(126, 13, 1, ''),
(126, 14, 1, ''),
(126, 15, 1, ''),
(126, 16, 1, ''),
(126, 17, 1, ''),
(126, 18, 1, ''),
(126, 19, 1, ''),
(126, 20, 1, ''),
(126, 21, 1, ''),
(126, 22, 1, ''),
(126, 23, 1, ''),
(126, 24, 1, ''),
(126, 25, 1, ''),
(126, 26, 1, ''),
(126, 27, 1, ''),
(126, 28, 1, ''),
(126, 29, 1, ''),
(126, 30, 1, ''),
(126, 31, 1, ''),
(126, 32, 1, ''),
(126, 33, 1, ''),
(126, 34, 1, ''),
(126, 35, 1, ''),
(126, 36, 1, ''),
(126, 37, 1, ''),
(126, 38, 1, ''),
(126, 39, 1, ''),
(126, 40, 1, ''),
(126, 41, 1, ''),
(126, 42, 1, ''),
(126, 43, 1, ''),
(126, 44, 1, ''),
(126, 45, 1, ''),
(126, 46, 1, ''),
(126, 47, 1, ''),
(126, 48, 1, ''),
(126, 49, 1, ''),
(126, 50, 1, ''),
(126, 51, 1, ''),
(126, 52, 1, ''),
(126, 53, 1, ''),
(126, 54, 1, ''),
(126, 55, 1, ''),
(126, 56, 1, ''),
(126, 57, 1, ''),
(126, 58, -1, ''),
(127, 3, 1, ''),
(127, 4, 1, ''),
(127, 5, 1, ''),
(127, 6, 1, ''),
(127, 7, 1, ''),
(127, 8, 1, ''),
(127, 9, 1, ''),
(127, 10, 1, ''),
(127, 11, 1, ''),
(127, 12, 1, ''),
(127, 13, 1, ''),
(127, 14, 1, ''),
(127, 15, 1, ''),
(127, 16, 1, ''),
(127, 17, 1, ''),
(127, 18, 1, ''),
(127, 19, 1, ''),
(127, 20, 1, ''),
(127, 21, 1, ''),
(127, 22, 1, ''),
(127, 23, 1, ''),
(127, 24, 1, ''),
(127, 25, 1, ''),
(127, 26, 1, ''),
(127, 27, 1, ''),
(127, 28, 1, ''),
(127, 29, 1, ''),
(127, 30, 1, ''),
(127, 31, 1, ''),
(127, 32, 1, ''),
(127, 33, 1, ''),
(127, 34, 1, ''),
(127, 35, 1, ''),
(127, 36, 1, ''),
(127, 37, 1, ''),
(127, 38, 1, ''),
(127, 39, 1, ''),
(127, 40, 1, ''),
(127, 41, 1, ''),
(127, 42, 1, ''),
(127, 43, 1, ''),
(127, 44, 1, ''),
(127, 45, 1, ''),
(127, 46, 1, ''),
(127, 47, 1, ''),
(127, 48, 1, ''),
(127, 49, 1, ''),
(127, 50, 1, ''),
(127, 51, 1, ''),
(127, 52, 1, ''),
(127, 53, 1, ''),
(127, 54, 1, ''),
(127, 55, 1, ''),
(127, 56, 1, ''),
(127, 57, 1, ''),
(127, 58, -1, ''),
(128, 3, 1, 'ampolla solo 1'),
(128, 4, 1, ''),
(128, 5, 1, ''),
(128, 6, 1, ''),
(128, 7, 1, ''),
(128, 8, 1, ''),
(128, 9, 1, ''),
(128, 10, 1, ''),
(128, 11, 1, 'lleva una sola ampolla'),
(128, 12, 1, ''),
(128, 13, 1, ''),
(128, 14, 1, ''),
(128, 15, 1, ''),
(128, 16, 1, ''),
(128, 17, 1, ''),
(128, 18, 1, ''),
(128, 19, 1, ''),
(128, 20, 1, ''),
(128, 21, 1, ''),
(128, 22, 1, ''),
(128, 23, 1, ''),
(128, 24, 1, ''),
(128, 25, 1, ''),
(128, 26, 1, ''),
(128, 27, 1, ''),
(128, 28, 1, ''),
(128, 29, 1, ''),
(128, 30, 1, ''),
(128, 31, 1, ''),
(128, 32, 1, ''),
(128, 33, 1, ''),
(128, 34, 1, ''),
(128, 35, 1, ''),
(128, 36, 1, ''),
(128, 37, 1, ''),
(128, 38, 1, ''),
(128, 39, 1, ''),
(128, 40, 1, ''),
(128, 41, 1, ''),
(128, 42, 1, ''),
(128, 43, 1, ''),
(128, 44, 1, ''),
(128, 45, 1, ''),
(128, 46, 1, ''),
(128, 47, 1, ''),
(128, 48, 1, ''),
(128, 49, 1, ''),
(128, 50, 1, ''),
(128, 51, 1, ''),
(128, 52, 1, ''),
(128, 53, 1, ''),
(128, 54, 1, ''),
(128, 55, 1, ''),
(128, 56, 1, ''),
(128, 57, 1, ''),
(128, 58, -1, ''),
(129, 3, 1, ''),
(129, 4, 1, ''),
(129, 5, 1, ''),
(129, 6, 1, ''),
(129, 7, 1, ''),
(129, 8, 1, ''),
(129, 9, 1, ''),
(129, 10, 1, ''),
(129, 11, 1, ''),
(129, 12, 1, ''),
(129, 13, 1, ''),
(129, 14, 1, ''),
(129, 15, 1, ''),
(129, 16, 1, ''),
(129, 17, 1, ''),
(129, 18, 1, ''),
(129, 19, 1, ''),
(129, 20, 1, ''),
(129, 21, 1, ''),
(129, 22, 1, ''),
(129, 23, 1, ''),
(129, 24, 1, ''),
(129, 25, 1, ''),
(129, 26, 1, ''),
(129, 27, 1, ''),
(129, 28, 1, ''),
(129, 29, 1, ''),
(129, 30, 1, ''),
(129, 31, 1, ''),
(129, 32, 1, ''),
(129, 33, 1, ''),
(129, 34, 1, ''),
(129, 35, 1, ''),
(129, 36, 1, ''),
(129, 37, 1, ''),
(129, 38, 1, ''),
(129, 39, 1, ''),
(129, 40, 1, ''),
(129, 41, 1, ''),
(129, 42, 1, ''),
(129, 43, 1, ''),
(129, 44, 1, ''),
(129, 45, 1, ''),
(129, 46, 1, ''),
(129, 47, 1, ''),
(129, 48, 1, ''),
(129, 49, 1, ''),
(129, 50, 1, ''),
(129, 51, 1, ''),
(129, 52, 1, ''),
(129, 53, 1, ''),
(129, 54, 1, ''),
(129, 55, 1, ''),
(129, 56, 1, ''),
(129, 57, 1, ''),
(129, 58, -1, ''),
(130, 3, 1, ''),
(130, 4, 1, ''),
(130, 5, 1, ''),
(130, 6, 1, ''),
(130, 7, 1, ''),
(130, 8, 1, ''),
(130, 9, 1, ''),
(130, 10, 1, ''),
(130, 11, 0, ''),
(130, 12, 1, ''),
(130, 13, 1, ''),
(130, 14, 1, ''),
(130, 15, 1, ''),
(130, 16, 1, ''),
(130, 17, 1, ''),
(130, 18, 1, ''),
(130, 19, 1, ''),
(130, 20, 0, ''),
(130, 21, 1, ''),
(130, 22, 1, ''),
(130, 23, 1, ''),
(130, 24, 1, ''),
(130, 25, 1, ''),
(130, 26, 1, ''),
(130, 27, 1, ''),
(130, 28, 1, ''),
(130, 29, 1, ''),
(130, 30, 1, ''),
(130, 31, 1, ''),
(130, 32, 1, ''),
(130, 33, 1, ''),
(130, 34, 1, ''),
(130, 35, 1, ''),
(130, 36, 1, ''),
(130, 37, 1, ''),
(130, 38, 1, ''),
(130, 39, 1, ''),
(130, 40, 1, ''),
(130, 41, 1, ''),
(130, 42, 1, ''),
(130, 43, 1, ''),
(130, 44, 1, ''),
(130, 45, 1, ''),
(130, 46, 1, ''),
(130, 47, 1, ''),
(130, 48, 1, ''),
(130, 49, 1, ''),
(130, 50, 1, ''),
(130, 51, 1, ''),
(130, 52, 1, ''),
(130, 53, 1, ''),
(130, 54, 1, ''),
(130, 55, 1, ''),
(130, 56, 1, ''),
(130, 57, 1, ''),
(130, 58, -1, ''),
(131, 3, 1, ''),
(131, 4, 0, ''),
(131, 5, 1, ''),
(131, 6, 1, ''),
(131, 7, 1, ''),
(131, 8, 1, ''),
(131, 9, 1, ''),
(131, 10, 1, ''),
(131, 11, 1, ''),
(131, 12, 0, ''),
(131, 13, 1, ''),
(131, 14, 1, ''),
(131, 15, 1, ''),
(131, 16, 1, ''),
(131, 17, 1, ''),
(131, 18, 1, ''),
(131, 19, 1, ''),
(131, 20, 0, ''),
(131, 21, 1, ''),
(131, 22, 1, ''),
(131, 23, 1, ''),
(131, 24, 1, ''),
(131, 25, 1, ''),
(131, 26, 1, ''),
(131, 27, 1, ''),
(131, 28, 1, ''),
(131, 29, 1, ''),
(131, 30, 1, ''),
(131, 31, 1, ''),
(131, 32, 1, ''),
(131, 33, 1, ''),
(131, 34, 1, ''),
(131, 35, 0, ''),
(131, 36, 1, ''),
(131, 37, 1, ''),
(131, 38, 1, ''),
(131, 39, 1, ''),
(131, 40, 1, ''),
(131, 41, 1, ''),
(131, 42, 1, ''),
(131, 43, 1, ''),
(131, 44, 1, ''),
(131, 45, 1, ''),
(131, 46, 1, ''),
(131, 47, 1, ''),
(131, 48, 1, ''),
(131, 49, 1, ''),
(131, 50, 1, ''),
(131, 51, 1, ''),
(131, 52, 1, ''),
(131, 53, 1, ''),
(131, 54, 1, ''),
(131, 55, 1, ''),
(131, 56, 1, ''),
(131, 57, 1, ''),
(131, 58, -1, ''),
(132, 3, 1, ''),
(132, 4, 1, ''),
(132, 5, 1, ''),
(132, 6, 1, ''),
(132, 7, 1, ''),
(132, 8, 1, ''),
(132, 9, 1, ''),
(132, 10, 1, ''),
(132, 11, 1, ''),
(132, 12, 1, ''),
(132, 13, 1, ''),
(132, 14, 1, ''),
(132, 15, 1, ''),
(132, 16, 1, ''),
(132, 17, 1, ''),
(132, 18, 1, ''),
(132, 19, 1, ''),
(132, 20, 1, ''),
(132, 21, 1, ''),
(132, 22, 1, ''),
(132, 23, 1, ''),
(132, 24, 1, ''),
(132, 25, 1, ''),
(132, 26, 1, ''),
(132, 27, 1, ''),
(132, 28, 1, ''),
(132, 29, 1, ''),
(132, 30, 1, ''),
(132, 31, 1, ''),
(132, 32, 1, ''),
(132, 33, 1, ''),
(132, 34, 1, ''),
(132, 35, 0, ''),
(132, 36, 1, ''),
(132, 37, 1, ''),
(132, 38, 1, ''),
(132, 39, 1, ''),
(132, 40, 1, ''),
(132, 41, 1, ''),
(132, 42, 1, ''),
(132, 43, 1, ''),
(132, 44, 1, ''),
(132, 45, 1, ''),
(132, 46, 1, ''),
(132, 47, 1, ''),
(132, 48, 1, ''),
(132, 49, 1, ''),
(132, 50, 1, ''),
(132, 51, 1, ''),
(132, 52, 1, ''),
(132, 53, 1, ''),
(132, 54, 1, ''),
(132, 55, 1, ''),
(132, 56, 1, ''),
(132, 57, 1, ''),
(132, 58, -1, ''),
(133, 3, 1, ''),
(133, 4, 1, ''),
(133, 5, 1, ''),
(133, 6, 1, ''),
(133, 7, 1, ''),
(133, 8, 1, ''),
(133, 9, 1, ''),
(133, 10, 1, ''),
(133, 11, 1, ''),
(133, 12, 0, ''),
(133, 13, 1, ''),
(133, 14, 1, ''),
(133, 15, 1, ''),
(133, 16, 1, ''),
(133, 17, 1, ''),
(133, 18, 1, ''),
(133, 19, 1, ''),
(133, 20, 1, ''),
(133, 21, 1, ''),
(133, 22, 1, ''),
(133, 23, 1, ''),
(133, 24, 1, ''),
(133, 25, 1, ''),
(133, 26, 1, ''),
(133, 27, 1, ''),
(133, 28, 1, ''),
(133, 29, 1, ''),
(133, 30, 1, ''),
(133, 31, 1, ''),
(133, 32, 1, ''),
(133, 33, 1, ''),
(133, 34, 1, ''),
(133, 35, 0, ''),
(133, 36, 1, ''),
(133, 37, 1, ''),
(133, 38, 1, ''),
(133, 39, 1, ''),
(133, 40, 1, ''),
(133, 41, 1, ''),
(133, 42, 1, ''),
(133, 43, 1, ''),
(133, 44, 1, ''),
(133, 45, 1, ''),
(133, 46, 1, ''),
(133, 47, 1, ''),
(133, 48, 1, ''),
(133, 49, 1, ''),
(133, 50, 1, ''),
(133, 51, 1, ''),
(133, 52, 1, ''),
(133, 53, 1, ''),
(133, 54, 1, ''),
(133, 55, 1, ''),
(133, 56, 1, ''),
(133, 57, 1, ''),
(133, 58, -1, ''),
(134, 3, 1, ''),
(134, 4, 1, ''),
(134, 5, 1, ''),
(134, 6, 1, ''),
(134, 7, 0, ''),
(134, 8, 1, ''),
(134, 9, 1, ''),
(134, 10, 1, ''),
(134, 11, 1, ''),
(134, 12, 0, ''),
(134, 13, 1, ''),
(134, 14, 1, ''),
(134, 15, 0, ''),
(134, 16, 1, ''),
(134, 17, 1, ''),
(134, 18, 1, ''),
(134, 19, 1, ''),
(134, 20, 1, ''),
(134, 21, 1, ''),
(134, 22, 1, ''),
(134, 23, 1, ''),
(134, 24, 1, ''),
(134, 25, 1, ''),
(134, 26, 1, ''),
(134, 27, 1, ''),
(134, 28, 1, ''),
(134, 29, 1, ''),
(134, 30, 1, ''),
(134, 31, 1, 'Contamina'),
(134, 32, 1, ''),
(134, 33, 1, ''),
(134, 34, 1, ''),
(134, 35, 1, ''),
(134, 36, 1, ''),
(134, 37, 1, ''),
(134, 38, 1, ''),
(134, 39, 1, ''),
(134, 40, 1, ''),
(134, 41, 1, ''),
(134, 42, 1, ''),
(134, 43, 1, ''),
(134, 44, 1, ''),
(134, 45, 1, ''),
(134, 46, 1, ''),
(134, 47, 1, ''),
(134, 48, 1, ''),
(134, 49, 1, ''),
(134, 50, 1, ''),
(134, 51, 1, ''),
(134, 52, 1, ''),
(134, 53, 1, ''),
(134, 54, 1, ''),
(134, 55, 1, ''),
(134, 56, 1, ''),
(134, 57, 1, ''),
(134, 58, -1, ''),
(135, 3, -1, 'incorrecto higiene'),
(135, 4, 1, 'incorrecto'),
(135, 5, 1, 'incorrecta, no coloca chata'),
(135, 6, 1, ''),
(135, 7, 1, ''),
(135, 8, 1, ''),
(135, 9, 1, ''),
(135, 10, 1, ''),
(135, 11, 1, ''),
(135, 12, 1, ''),
(135, 13, 1, ''),
(135, 14, 1, ''),
(135, 15, 1, ''),
(135, 16, 1, ''),
(135, 17, 1, ''),
(135, 18, 1, ''),
(135, 19, 1, ''),
(135, 20, 1, ''),
(135, 21, 1, ''),
(135, 22, 1, ''),
(135, 23, 1, ''),
(135, 24, 1, ''),
(135, 25, 1, ''),
(135, 26, 1, ''),
(135, 27, 1, ''),
(135, 28, 1, ''),
(135, 29, 1, ''),
(135, 30, 1, ''),
(135, 31, 1, ''),
(135, 32, 1, ''),
(135, 33, 1, ''),
(135, 34, 1, ''),
(135, 35, 1, ''),
(135, 36, 1, ''),
(135, 37, 1, ''),
(135, 38, 1, ''),
(135, 39, 1, ''),
(135, 40, 1, ''),
(135, 41, 1, ''),
(135, 42, 1, ''),
(135, 43, 1, ''),
(135, 44, 1, ''),
(135, 45, 1, ''),
(135, 46, 1, ''),
(135, 47, 1, 'Se olvida de retirar chata antes de sacarse los guantes'),
(135, 48, 1, ''),
(135, 49, 1, ''),
(135, 50, 1, ''),
(135, 51, 1, ''),
(135, 52, 1, ''),
(135, 53, 1, ''),
(135, 54, 1, ''),
(135, 55, 1, ''),
(135, 56, 1, ''),
(135, 57, 1, ''),
(135, 58, -1, ''),
(136, 3, 1, ''),
(136, 4, 1, ''),
(136, 5, 1, ''),
(136, 6, 1, ''),
(136, 7, 0, ''),
(136, 8, 1, ''),
(136, 9, 1, ''),
(136, 10, 1, ''),
(136, 11, 1, ''),
(136, 12, 1, 'no se los coloco'),
(136, 13, 1, ''),
(136, 14, 1, ''),
(136, 15, 0, ''),
(136, 16, 1, ''),
(136, 17, 1, ''),
(136, 18, 1, ''),
(136, 19, 1, ''),
(136, 20, 1, ''),
(136, 21, 1, ''),
(136, 22, 1, ''),
(136, 23, 1, ''),
(136, 24, 1, ''),
(136, 25, 1, ''),
(136, 26, 1, ''),
(136, 27, 1, ''),
(136, 28, 1, ''),
(136, 29, 1, ''),
(136, 30, 1, ''),
(136, 31, 1, ''),
(136, 32, 1, ''),
(136, 33, 1, ''),
(136, 34, 1, ''),
(136, 35, 1, ''),
(136, 36, 1, ''),
(136, 37, 1, ''),
(136, 38, 1, ''),
(136, 39, 1, ''),
(136, 40, 1, ''),
(136, 41, 1, ''),
(136, 42, 1, ''),
(136, 43, 1, ''),
(136, 44, 1, ''),
(136, 45, 1, ''),
(136, 46, 1, ''),
(136, 47, 1, ''),
(136, 48, 1, ''),
(136, 49, 1, ''),
(136, 50, 1, ''),
(136, 51, 1, ''),
(136, 52, 1, ''),
(136, 53, 1, ''),
(136, 54, 1, ''),
(136, 55, 1, ''),
(136, 56, 1, ''),
(136, 57, 1, ''),
(136, 58, -1, ''),
(137, 3, 1, ''),
(137, 4, 1, ''),
(137, 5, 1, ''),
(137, 6, 1, ''),
(137, 7, 1, ''),
(137, 8, 1, ''),
(137, 9, 1, ''),
(137, 10, 1, ''),
(137, 11, 1, ''),
(137, 12, 1, ''),
(137, 13, 1, ''),
(137, 14, 1, ''),
(137, 15, 0, ''),
(137, 16, 0, ''),
(137, 17, 1, ''),
(137, 18, 1, ''),
(137, 19, 1, ''),
(137, 20, 1, ''),
(137, 21, 1, ''),
(137, 22, 1, ''),
(137, 23, 1, ''),
(137, 24, 1, ''),
(137, 25, 1, ''),
(137, 26, 1, ''),
(137, 27, 1, ''),
(137, 28, 1, ''),
(137, 29, 1, ''),
(137, 30, 1, ''),
(137, 31, 1, ''),
(137, 32, 1, ''),
(137, 33, 1, ''),
(137, 34, 1, ''),
(137, 35, 1, ''),
(137, 36, 1, ''),
(137, 37, 1, ''),
(137, 38, 1, ''),
(137, 39, 1, ''),
(137, 40, 1, ''),
(137, 41, 1, ''),
(137, 42, 1, ''),
(137, 43, 1, ''),
(137, 44, 1, ''),
(137, 45, 1, ''),
(137, 46, 1, ''),
(137, 47, 1, ''),
(137, 48, 1, ''),
(137, 49, 1, ''),
(137, 50, 1, ''),
(137, 51, 1, ''),
(137, 52, 1, ''),
(137, 53, 1, ''),
(137, 54, 1, ''),
(137, 55, 1, ''),
(137, 56, 1, ''),
(137, 57, 1, ''),
(137, 58, -1, ''),
(138, 3, 0, ''),
(138, 4, 0, 'contamina compresa y guantes'),
(138, 5, -1, 'contamina los guantes'),
(138, 6, 1, ''),
(138, 7, 1, ''),
(138, 8, 1, ''),
(138, 9, 0, 'contamina los guantes'),
(138, 10, 0, ''),
(138, 11, 0, 'contamina guantes'),
(138, 12, -1, ''),
(138, 13, -1, ''),
(138, 14, 0, 'contamina los guantes'),
(138, 15, -1, ''),
(138, 16, 0, 'contamina los guantes'),
(138, 17, 1, ''),
(138, 18, 1, ''),
(138, 19, 0, ''),
(138, 20, 0, 'contamina guantes y campo'),
(138, 21, 1, ''),
(138, 22, 0, 'contamina los guantes'),
(138, 23, -1, ''),
(138, 24, 1, ''),
(138, 25, 0, 'Contamina los guantes'),
(138, 26, 0, 'contamina los guantes'),
(138, 27, 1, ''),
(138, 28, 0, 'toma la compresa del lado inferior'),
(138, 29, 0, 'contamina los guantes tomando la compresa del lado inferior'),
(138, 30, 1, ''),
(138, 31, 0, ''),
(138, 32, 1, ''),
(138, 33, 0, 'Contamina los guantes'),
(138, 34, 0, 'contamina aposito y guantes'),
(138, 35, 0, 'Contamina los guantes'),
(138, 36, 1, ''),
(138, 37, 1, ''),
(138, 38, 0, 'contamina los guantes'),
(138, 39, 1, ''),
(138, 40, 1, ''),
(138, 41, 1, ''),
(138, 42, 1, ''),
(138, 43, 1, ''),
(138, 44, 0, 'Contamina los guantes'),
(138, 45, 1, ''),
(138, 46, 1, ''),
(138, 47, 0, 'Contamina los guantes'),
(138, 48, 0, 'Contamina los guantes con la compresa '),
(138, 49, 1, ''),
(138, 50, 1, ''),
(138, 51, 0, 'contamina los guantes'),
(138, 52, 0, 'contamina los guantes'),
(138, 53, 0, 'contamina los guantes'),
(138, 54, 1, ''),
(138, 55, 0, 'Contamina los  guantes'),
(138, 56, -1, ''),
(138, 57, 1, ''),
(138, 58, -1, ''),
(139, 3, 1, 'contamina'),
(139, 4, 1, ''),
(139, 5, 1, ''),
(139, 6, 1, ''),
(139, 7, 1, ''),
(139, 8, 1, ''),
(139, 9, 1, ''),
(139, 10, 1, 'contamina'),
(139, 11, 1, ''),
(139, 12, 1, ''),
(139, 13, 1, ''),
(139, 14, 1, ''),
(139, 15, 1, ''),
(139, 16, 1, ''),
(139, 17, 1, ''),
(139, 18, -1, 'toco con el guante la piel'),
(139, 19, 1, 'contamina'),
(139, 20, 1, ''),
(139, 21, 1, ''),
(139, 22, 1, ''),
(139, 23, 1, ''),
(139, 24, 1, ''),
(139, 25, 1, ''),
(139, 26, 1, ''),
(139, 27, 1, ''),
(139, 28, 1, ''),
(139, 29, 1, ''),
(139, 30, 1, 'contamina'),
(139, 31, 1, 'Contamina'),
(139, 32, 1, ''),
(139, 33, 1, ''),
(139, 34, 1, ''),
(139, 35, 1, ''),
(139, 36, 1, ''),
(139, 37, 1, ''),
(139, 38, 1, ''),
(139, 39, 1, ''),
(139, 40, 1, ''),
(139, 41, 1, ''),
(139, 42, 1, ''),
(139, 43, 1, ''),
(139, 44, 1, ''),
(139, 45, 1, ''),
(139, 46, 1, ''),
(139, 47, 1, ''),
(139, 48, 1, ''),
(139, 49, 1, ''),
(139, 50, 1, ''),
(139, 51, 1, ''),
(139, 52, 1, ''),
(139, 53, 1, ''),
(139, 54, 1, ''),
(139, 55, 1, ''),
(139, 56, 1, ''),
(139, 57, 1, ''),
(139, 58, -1, ''),
(140, 3, 1, ''),
(140, 4, 1, ''),
(140, 5, 1, ''),
(140, 6, 1, ''),
(140, 7, 1, ''),
(140, 8, 1, ''),
(140, 9, 1, ''),
(140, 10, 1, ''),
(140, 11, 1, ''),
(140, 12, 1, ''),
(140, 13, 1, ''),
(140, 14, 1, ''),
(140, 15, 1, 'no mantiene ej angulo de 90 grados'),
(140, 16, 1, ''),
(140, 17, 1, ''),
(140, 18, 1, ''),
(140, 19, 1, ''),
(140, 20, 1, ''),
(140, 21, 1, ''),
(140, 22, 1, ''),
(140, 23, 1, ''),
(140, 24, 1, ''),
(140, 25, 1, ''),
(140, 26, 1, ''),
(140, 27, 1, ''),
(140, 28, 1, ''),
(140, 29, 1, ''),
(140, 30, 1, ''),
(140, 31, 1, ''),
(140, 32, 1, ''),
(140, 33, 1, ''),
(140, 34, 1, ''),
(140, 35, 1, ''),
(140, 36, 1, ''),
(140, 37, 1, ''),
(140, 38, 1, ''),
(140, 39, 1, ''),
(140, 40, 1, ''),
(140, 41, 1, ''),
(140, 42, 1, ''),
(140, 43, 1, ''),
(140, 44, 1, ''),
(140, 45, 1, ''),
(140, 46, 1, ''),
(140, 47, 1, ''),
(140, 48, 1, ''),
(140, 49, 1, ''),
(140, 50, 1, ''),
(140, 51, 1, ''),
(140, 52, 1, ''),
(140, 53, 1, ''),
(140, 54, 1, ''),
(140, 55, 1, ''),
(140, 56, 1, ''),
(140, 57, 1, ''),
(140, 58, -1, ''),
(141, 3, 1, ''),
(141, 4, 1, ''),
(141, 5, 1, ''),
(141, 6, 1, ''),
(141, 7, 1, ''),
(141, 8, 1, ''),
(141, 9, 1, ''),
(141, 10, 1, ''),
(141, 11, 1, ''),
(141, 12, 1, ''),
(141, 13, 1, ''),
(141, 14, 1, ''),
(141, 15, 1, ''),
(141, 16, 1, ''),
(141, 17, 1, ''),
(141, 18, 1, ''),
(141, 19, 1, ''),
(141, 20, 1, ''),
(141, 21, 1, ''),
(141, 22, 1, ''),
(141, 23, 1, ''),
(141, 24, 1, ''),
(141, 25, 1, ''),
(141, 26, 1, ''),
(141, 27, 1, ''),
(141, 28, 1, ''),
(141, 29, 1, ''),
(141, 30, 1, ''),
(141, 31, 1, ''),
(141, 32, 1, ''),
(141, 33, 1, ''),
(141, 34, 1, ''),
(141, 35, 1, ''),
(141, 36, 1, ''),
(141, 37, 1, ''),
(141, 38, 1, ''),
(141, 39, 1, ''),
(141, 40, 1, ''),
(141, 41, 1, ''),
(141, 42, 1, ''),
(141, 43, 1, ''),
(141, 44, 1, ''),
(141, 45, 1, ''),
(141, 46, 1, ''),
(141, 47, 1, ''),
(141, 48, 1, ''),
(141, 49, 1, ''),
(141, 50, 1, ''),
(141, 51, 1, ''),
(141, 52, 1, ''),
(141, 53, 1, ''),
(141, 54, 1, ''),
(141, 55, 1, ''),
(141, 56, 1, ''),
(141, 57, 1, ''),
(141, 58, -1, ''),
(142, 3, 1, ''),
(142, 4, 1, ''),
(142, 5, 1, ''),
(142, 6, 1, ''),
(142, 7, 1, ''),
(142, 8, 1, ''),
(142, 9, 1, ''),
(142, 10, 1, ''),
(142, 11, 0, ''),
(142, 12, 1, ''),
(142, 13, 1, ''),
(142, 14, 0, ''),
(142, 15, 0, ''),
(142, 16, 1, ''),
(142, 17, 1, ''),
(142, 18, 1, ''),
(142, 19, 1, ''),
(142, 20, 1, ''),
(142, 21, 1, ''),
(142, 22, 1, ''),
(142, 23, 1, ''),
(142, 24, 1, ''),
(142, 25, 1, ''),
(142, 26, 1, ''),
(142, 27, 1, ''),
(142, 28, 1, ''),
(142, 29, 1, ''),
(142, 30, 1, ''),
(142, 31, 1, ''),
(142, 32, 1, ''),
(142, 33, 1, ''),
(142, 34, 1, ''),
(142, 35, 1, ''),
(142, 36, 1, ''),
(142, 37, 1, ''),
(142, 38, 1, ''),
(142, 39, 1, ''),
(142, 40, 1, ''),
(142, 41, 1, ''),
(142, 42, 1, ''),
(142, 43, 1, ''),
(142, 44, 1, ''),
(142, 45, 1, ''),
(142, 46, 1, ''),
(142, 47, 1, ''),
(142, 48, 1, ''),
(142, 49, 1, ''),
(142, 50, 1, ''),
(142, 51, 1, ''),
(142, 52, 1, ''),
(142, 53, 1, ''),
(142, 54, 1, ''),
(142, 55, 1, ''),
(142, 56, 1, ''),
(142, 57, 1, ''),
(142, 58, -1, ''),
(143, 3, 1, ''),
(143, 4, 1, ''),
(143, 5, 1, ''),
(143, 6, 1, ''),
(143, 7, 1, ''),
(143, 8, 1, ''),
(143, 9, 1, ''),
(143, 10, 1, ''),
(143, 11, 1, ''),
(143, 12, 1, ''),
(143, 13, 1, ''),
(143, 14, 1, ''),
(143, 15, 1, ''),
(143, 16, 1, ''),
(143, 17, 1, ''),
(143, 18, 1, ''),
(143, 19, 1, ''),
(143, 20, 1, ''),
(143, 21, 1, ''),
(143, 22, 1, ''),
(143, 23, 1, ''),
(143, 24, 1, ''),
(143, 25, 1, ''),
(143, 26, 1, ''),
(143, 27, 1, ''),
(143, 28, 1, ''),
(143, 29, 1, ''),
(143, 30, 1, ''),
(143, 31, 1, ''),
(143, 32, 1, ''),
(143, 33, 0, ''),
(143, 34, 1, ''),
(143, 35, 1, ''),
(143, 36, 1, ''),
(143, 37, 1, ''),
(143, 38, 1, ''),
(143, 39, 1, ''),
(143, 40, 1, ''),
(143, 41, 1, ''),
(143, 42, 1, ''),
(143, 43, 1, ''),
(143, 44, 1, ''),
(143, 45, 1, ''),
(143, 46, 1, ''),
(143, 47, 1, ''),
(143, 48, 1, ''),
(143, 49, 1, ''),
(143, 50, 1, ''),
(143, 51, 1, ''),
(143, 52, 1, ''),
(143, 53, 1, ''),
(143, 54, 1, ''),
(143, 55, 1, ''),
(143, 56, 1, ''),
(143, 57, 1, ''),
(143, 58, -1, ''),
(144, 3, 1, ''),
(144, 4, 1, ''),
(144, 5, 1, ''),
(144, 6, 1, ''),
(144, 7, 1, ''),
(144, 8, 1, ''),
(144, 9, 1, ''),
(144, 10, 1, ''),
(144, 11, 1, ''),
(144, 12, 1, ''),
(144, 13, 1, ''),
(144, 14, 1, ''),
(144, 15, 1, ''),
(144, 16, 1, ''),
(144, 17, 1, ''),
(144, 18, 1, ''),
(144, 19, 1, ''),
(144, 20, 1, ''),
(144, 21, 1, ''),
(144, 22, 1, ''),
(144, 23, 1, ''),
(144, 24, 1, ''),
(144, 25, 1, ''),
(144, 26, 1, ''),
(144, 27, 1, ''),
(144, 28, 1, ''),
(144, 29, 1, ''),
(144, 30, 1, ''),
(144, 31, 1, ''),
(144, 32, 1, ''),
(144, 33, 1, ''),
(144, 34, 1, ''),
(144, 35, 1, ''),
(144, 36, 1, ''),
(144, 37, 1, ''),
(144, 38, 1, ''),
(144, 39, 1, ''),
(144, 40, 1, ''),
(144, 41, 1, ''),
(144, 42, 1, ''),
(144, 43, 1, ''),
(144, 44, 1, ''),
(144, 45, 1, ''),
(144, 46, 1, ''),
(144, 47, 1, ''),
(144, 48, 1, ''),
(144, 49, 1, ''),
(144, 50, 1, ''),
(144, 51, 1, ''),
(144, 52, 1, ''),
(144, 53, 1, ''),
(144, 54, 1, ''),
(144, 55, 1, ''),
(144, 56, 1, ''),
(144, 57, 1, ''),
(144, 58, -1, ''),
(145, 3, 1, ''),
(145, 4, 1, ''),
(145, 5, 0, ''),
(145, 6, 1, ''),
(145, 7, 1, ''),
(145, 8, 1, ''),
(145, 9, 1, ''),
(145, 10, 1, ''),
(145, 11, 1, ''),
(145, 12, 1, ''),
(145, 13, 1, ''),
(145, 14, 1, ''),
(145, 15, 1, ''),
(145, 16, 1, ''),
(145, 17, 1, ''),
(145, 18, 1, ''),
(145, 19, 1, ''),
(145, 20, 1, ''),
(145, 21, 1, ''),
(145, 22, 1, ''),
(145, 23, 1, ''),
(145, 24, 1, ''),
(145, 25, 1, ''),
(145, 26, 1, ''),
(145, 27, 1, ''),
(145, 28, 1, ''),
(145, 29, 1, ''),
(145, 30, 1, ''),
(145, 31, 1, ''),
(145, 32, 1, ''),
(145, 33, 1, ''),
(145, 34, 1, ''),
(145, 35, 1, ''),
(145, 36, 1, ''),
(145, 37, 1, ''),
(145, 38, 1, ''),
(145, 39, 1, ''),
(145, 40, 1, ''),
(145, 41, 1, ''),
(145, 42, 1, ''),
(145, 43, 1, ''),
(145, 44, 1, ''),
(145, 45, 1, ''),
(145, 46, 1, ''),
(145, 47, 1, ''),
(145, 48, 1, ''),
(145, 49, 1, ''),
(145, 50, 1, ''),
(145, 51, 1, ''),
(145, 52, 1, ''),
(145, 53, 1, ''),
(145, 54, 1, ''),
(145, 55, 1, ''),
(145, 56, 1, ''),
(145, 57, 1, ''),
(145, 58, 1, ''),
(146, 3, 1, ''),
(146, 4, 1, ''),
(146, 5, 1, 'reconoce no haber insuflado el balon'),
(146, 6, 1, ''),
(146, 7, 1, ''),
(146, 8, 1, ''),
(146, 9, 1, ''),
(146, 10, 1, ''),
(146, 11, 1, ''),
(146, 12, 1, ''),
(146, 13, 1, ''),
(146, 14, 0, ''),
(146, 15, 0, ''),
(146, 16, 1, ''),
(146, 17, 1, ''),
(146, 18, 1, ''),
(146, 19, 0, ''),
(146, 20, 1, ''),
(146, 21, 1, ''),
(146, 22, 1, ''),
(146, 23, 1, ''),
(146, 24, 1, ''),
(146, 25, 1, ''),
(146, 26, 1, ''),
(146, 27, 1, ''),
(146, 28, 1, ''),
(146, 29, 1, ''),
(146, 30, 1, ''),
(146, 31, 1, ''),
(146, 32, 1, ''),
(146, 33, 1, ''),
(146, 34, 1, ''),
(146, 35, 1, ''),
(146, 36, 1, ''),
(146, 37, 1, ''),
(146, 38, 1, ''),
(146, 39, 1, ''),
(146, 40, 1, ''),
(146, 41, 1, ''),
(146, 42, 1, ''),
(146, 43, 1, ''),
(146, 44, 0, ''),
(146, 45, 1, ''),
(146, 46, 1, ''),
(146, 47, 1, ''),
(146, 48, 1, ''),
(146, 49, 1, ''),
(146, 50, 1, ''),
(146, 51, 1, ''),
(146, 52, 1, ''),
(146, 53, 1, ''),
(146, 54, 1, ''),
(146, 55, 1, ''),
(146, 56, 1, ''),
(146, 57, 1, ''),
(146, 58, 1, ''),
(147, 3, 1, ''),
(147, 4, 1, ''),
(147, 5, 1, ''),
(147, 6, 1, ''),
(147, 7, 1, ''),
(147, 8, 1, ''),
(147, 9, 1, ''),
(147, 10, 1, ''),
(147, 11, 1, ''),
(147, 12, 1, ''),
(147, 13, 1, ''),
(147, 14, 1, ''),
(147, 15, 1, ''),
(147, 16, 1, ''),
(147, 17, 1, ''),
(147, 18, 1, ''),
(147, 19, 1, ''),
(147, 20, 1, ''),
(147, 21, 1, ''),
(147, 22, 1, ''),
(147, 23, 1, ''),
(147, 24, 1, ''),
(147, 25, 1, ''),
(147, 26, 1, ''),
(147, 27, 1, ''),
(147, 28, 1, ''),
(147, 29, 1, ''),
(147, 30, 1, ''),
(147, 31, 1, ''),
(147, 32, 1, ''),
(147, 33, 1, ''),
(147, 34, 1, ''),
(147, 35, 1, ''),
(147, 36, 1, ''),
(147, 37, 1, ''),
(147, 38, 1, ''),
(147, 39, 1, ''),
(147, 40, 1, ''),
(147, 41, 1, ''),
(147, 42, 1, ''),
(147, 43, 1, ''),
(147, 44, 1, ''),
(147, 45, 1, ''),
(147, 46, 1, ''),
(147, 47, 1, ''),
(147, 48, 1, ''),
(147, 49, 1, ''),
(147, 50, 1, ''),
(147, 51, 1, ''),
(147, 52, 1, ''),
(147, 53, 1, ''),
(147, 54, 1, ''),
(147, 55, 1, ''),
(147, 56, 1, ''),
(147, 57, 1, ''),
(147, 58, 1, ''),
(148, 3, 1, ''),
(148, 4, 1, ''),
(148, 5, 1, ''),
(148, 6, 1, ''),
(148, 7, 1, ''),
(148, 8, 1, ''),
(148, 9, 1, ''),
(148, 10, 1, ''),
(148, 11, 1, ''),
(148, 12, 1, ''),
(148, 13, 1, ''),
(148, 14, 1, ''),
(148, 15, 1, ''),
(148, 16, 1, ''),
(148, 17, 0, ''),
(148, 18, 1, ''),
(148, 19, 1, ''),
(148, 20, 1, ''),
(148, 21, 1, ''),
(148, 22, 1, ''),
(148, 23, 1, ''),
(148, 24, 1, ''),
(148, 25, 1, ''),
(148, 26, 1, ''),
(148, 27, 1, ''),
(148, 28, 1, ''),
(148, 29, 1, ''),
(148, 30, 1, ''),
(148, 31, 1, ''),
(148, 32, 1, ''),
(148, 33, 1, ''),
(148, 34, 1, ''),
(148, 35, 1, ''),
(148, 36, 1, ''),
(148, 37, 1, ''),
(148, 38, 0, ''),
(148, 39, 1, ''),
(148, 40, 1, ''),
(148, 41, 1, ''),
(148, 42, 1, ''),
(148, 43, 1, ''),
(148, 44, 1, ''),
(148, 45, 1, ''),
(148, 46, 1, ''),
(148, 47, 1, ''),
(148, 48, 1, ''),
(148, 49, 1, ''),
(148, 50, 1, ''),
(148, 51, 1, ''),
(148, 52, 1, ''),
(148, 53, 1, ''),
(148, 54, 1, ''),
(148, 55, 1, ''),
(148, 56, 1, ''),
(148, 57, 1, ''),
(148, 58, -1, ''),
(149, 3, 1, ''),
(149, 4, 1, ''),
(149, 5, 1, ''),
(149, 6, 1, ''),
(149, 7, 1, ''),
(149, 8, 1, ''),
(149, 9, 1, ''),
(149, 10, 1, ''),
(149, 11, 1, ''),
(149, 12, 1, ''),
(149, 13, 1, ''),
(149, 14, 1, ''),
(149, 15, 1, ''),
(149, 16, 1, ''),
(149, 17, 1, ''),
(149, 18, 1, ''),
(149, 19, 1, ''),
(149, 20, 1, ''),
(149, 21, 1, ''),
(149, 22, 1, ''),
(149, 23, 1, ''),
(149, 24, 1, ''),
(149, 25, 1, ''),
(149, 26, 1, ''),
(149, 27, 1, ''),
(149, 28, 1, ''),
(149, 29, 1, ''),
(149, 30, 1, ''),
(149, 31, 1, ''),
(149, 32, 1, ''),
(149, 33, 1, ''),
(149, 34, 1, ''),
(149, 35, 1, ''),
(149, 36, 1, ''),
(149, 37, 1, ''),
(149, 38, 1, ''),
(149, 39, 1, ''),
(149, 40, 1, ''),
(149, 41, 1, ''),
(149, 42, 1, ''),
(149, 43, 1, ''),
(149, 44, 1, ''),
(149, 45, 1, ''),
(149, 46, 1, ''),
(149, 47, 1, ''),
(149, 48, 1, ''),
(149, 49, 1, ''),
(149, 50, 1, ''),
(149, 51, 1, ''),
(149, 52, 1, ''),
(149, 53, 1, ''),
(149, 54, 1, ''),
(149, 55, 1, ''),
(149, 56, 1, ''),
(149, 57, 1, ''),
(149, 58, -1, ''),
(150, 3, 1, ''),
(150, 4, 1, ''),
(150, 5, 1, ''),
(150, 6, 1, ''),
(150, 7, 1, ''),
(150, 8, 1, ''),
(150, 9, 1, ''),
(150, 10, 1, ''),
(150, 11, 1, ''),
(150, 12, 1, ''),
(150, 13, 1, ''),
(150, 14, 1, ''),
(150, 15, 1, ''),
(150, 16, 1, ''),
(150, 17, 1, ''),
(150, 18, 1, ''),
(150, 19, 1, ''),
(150, 20, 1, ''),
(150, 21, 1, ''),
(150, 22, 1, ''),
(150, 23, 1, ''),
(150, 24, 1, ''),
(150, 25, 1, ''),
(150, 26, 1, ''),
(150, 27, 1, ''),
(150, 28, 1, ''),
(150, 29, 1, ''),
(150, 30, 1, ''),
(150, 31, 1, ''),
(150, 32, 1, ''),
(150, 33, 1, ''),
(150, 34, 1, ''),
(150, 35, 1, ''),
(150, 36, 1, ''),
(150, 37, 1, ''),
(150, 38, 1, ''),
(150, 39, 1, ''),
(150, 40, 1, ''),
(150, 41, 1, ''),
(150, 42, 1, ''),
(150, 43, 1, ''),
(150, 44, 1, ''),
(150, 45, 1, ''),
(150, 46, 1, ''),
(150, 47, 1, ''),
(150, 48, 1, ''),
(150, 49, 1, ''),
(150, 50, 1, ''),
(150, 51, 1, ''),
(150, 52, 1, ''),
(150, 53, 1, ''),
(150, 54, 1, ''),
(150, 55, 1, ''),
(150, 56, 1, ''),
(150, 57, 1, ''),
(150, 58, 1, ''),
(151, 3, 1, ''),
(151, 4, 1, ''),
(151, 5, 1, ''),
(151, 6, 1, ''),
(151, 7, 1, ''),
(151, 8, 1, ''),
(151, 9, 1, ''),
(151, 10, 1, ''),
(151, 11, 1, ''),
(151, 12, 1, ''),
(151, 13, 1, ''),
(151, 14, 1, ''),
(151, 15, 1, ''),
(151, 16, 1, ''),
(151, 17, 1, ''),
(151, 18, 1, ''),
(151, 19, 1, ''),
(151, 20, 1, ''),
(151, 21, 1, ''),
(151, 22, 1, ''),
(151, 23, 1, ''),
(151, 24, 0, ''),
(151, 25, 1, ''),
(151, 26, 1, ''),
(151, 27, 1, ''),
(151, 28, 1, ''),
(151, 29, 1, ''),
(151, 30, 1, ''),
(151, 31, 1, ''),
(151, 32, 1, ''),
(151, 33, 1, ''),
(151, 34, 1, ''),
(151, 35, 1, ''),
(151, 36, 1, ''),
(151, 37, 1, ''),
(151, 38, 1, ''),
(151, 39, 1, ''),
(151, 40, 1, ''),
(151, 41, 1, ''),
(151, 42, 1, ''),
(151, 43, 1, ''),
(151, 44, 1, ''),
(151, 45, 1, ''),
(151, 46, 1, ''),
(151, 47, 1, ''),
(151, 48, 1, ''),
(151, 49, 1, ''),
(151, 50, 1, ''),
(151, 51, 1, ''),
(151, 52, 1, ''),
(151, 53, 1, ''),
(151, 54, 1, ''),
(151, 55, 1, ''),
(151, 56, 0, 'Registra y luego se lava las manos'),
(151, 57, 1, ''),
(151, 58, -1, ''),
(152, 3, 1, ''),
(152, 4, 1, ''),
(152, 5, 1, ''),
(152, 6, 1, ''),
(152, 7, 1, ''),
(152, 8, 1, ''),
(152, 9, 1, ''),
(152, 10, 1, ''),
(152, 11, 1, ''),
(152, 12, 1, ''),
(152, 13, 1, ''),
(152, 14, 1, ''),
(152, 15, 1, ''),
(152, 16, 1, ''),
(152, 17, 1, ''),
(152, 18, 1, ''),
(152, 19, 1, ''),
(152, 20, 1, ''),
(152, 21, 1, ''),
(152, 22, 1, ''),
(152, 23, 1, ''),
(152, 24, 1, ''),
(152, 25, 1, ''),
(152, 26, 1, ''),
(152, 27, 1, ''),
(152, 28, 1, ''),
(152, 29, 1, ''),
(152, 30, 1, ''),
(152, 31, 1, ''),
(152, 32, 1, ''),
(152, 33, 1, ''),
(152, 34, 1, ''),
(152, 35, 1, ''),
(152, 36, 1, ''),
(152, 37, 1, ''),
(152, 38, 1, ''),
(152, 39, 1, ''),
(152, 40, 1, ''),
(152, 41, 1, ''),
(152, 42, 1, ''),
(152, 43, 1, ''),
(152, 44, 1, ''),
(152, 45, 1, ''),
(152, 46, 1, ''),
(152, 47, 1, ''),
(152, 48, 1, ''),
(152, 49, 1, ''),
(152, 50, 1, ''),
(152, 51, 1, ''),
(152, 52, 1, ''),
(152, 53, 1, ''),
(152, 54, 1, ''),
(152, 55, 1, ''),
(152, 56, 1, ''),
(152, 57, 1, ''),
(152, 58, -1, ''),
(153, 59, 1, ''),
(154, 59, 1, ''),
(155, 59, 0, ''),
(156, 59, 1, ''),
(157, 59, 0, ''),
(158, 59, 1, ''),
(159, 59, 0, ''),
(160, 59, 1, ''),
(161, 59, 1, ''),
(162, 59, 0, ''),
(163, 59, 1, ''),
(164, 59, 0, ''),
(165, 59, 1, '');

-- --------------------------------------------------------

--
-- Estructura de tabla para la tabla `items_guias`
--

CREATE TABLE IF NOT EXISTS `items_guias` (
  `id_items_guia` int(10) unsigned NOT NULL,
  `id_item` int(10) unsigned NOT NULL,
  `id_guia` int(10) unsigned NOT NULL,
  `pon_item` float unsigned NOT NULL,
  `pos_item` int(10) unsigned NOT NULL,
  `nro_item` int(10) unsigned NOT NULL,
  `id_grupoitem` int(10) unsigned DEFAULT NULL,
  `id_sec` int(10) unsigned DEFAULT NULL
) ENGINE=InnoDB AUTO_INCREMENT=199 DEFAULT CHARSET=utf8;

--
-- Volcado de datos para la tabla `items_guias`
--

INSERT INTO `items_guias` (`id_items_guia`, `id_item`, `id_guia`, `pon_item`, `pos_item`, `nro_item`, `id_grupoitem`, `id_sec`) VALUES
(2, 1, 1, 0, 1, 1, NULL, NULL),
(3, 1, 3, 0, 1, 1, NULL, NULL),
(4, 1, 4, 0, 3, 3, NULL, NULL),
(5, 1, 6, 0, 1, 1, NULL, NULL),
(6, 1, 7, 7, 1, 1, NULL, NULL),
(7, 2, 1, 0, 2, 1, 1, NULL),
(8, 2, 6, 0, 3, 2, 11, NULL),
(9, 3, 1, 0, 3, 2, 1, NULL),
(10, 3, 6, 0, 7, 6, 11, NULL),
(11, 4, 1, 0, 4, 3, 1, NULL),
(12, 5, 1, 0, 5, 4, 1, NULL),
(13, 6, 1, 0, 6, 5, 1, NULL),
(14, 7, 1, 0, 7, 6, 1, NULL),
(15, 7, 3, 0, 2, 1, 8, NULL),
(16, 7, 4, 0, 5, 2, 9, NULL),
(17, 7, 6, 0, 2, 1, 11, NULL),
(18, 7, 7, 0.5, 2, 1, 12, NULL),
(19, 8, 1, 0, 8, 7, 1, NULL),
(20, 8, 6, 0, 8, 7, 11, NULL),
(21, 9, 1, 0, 9, 8, 1, NULL),
(22, 9, 3, 0, 4, 3, 8, NULL),
(23, 9, 4, 0, 7, 4, 9, NULL),
(24, 9, 6, 0, 5, 4, 11, NULL),
(25, 10, 1, 0, 10, 9, 1, NULL),
(26, 10, 3, 0, 5, 4, 8, NULL),
(27, 10, 4, 0, 8, 5, 9, NULL),
(28, 10, 6, 0, 6, 5, 11, NULL),
(29, 11, 1, 0, 11, 10, 1, NULL),
(30, 12, 1, 0, 12, 11, 1, NULL),
(31, 13, 1, 0, 13, 3, NULL, NULL),
(32, 13, 4, 0, 1, 1, NULL, NULL),
(33, 14, 1, 0, 14, 4, NULL, NULL),
(34, 14, 3, 0, 8, 5, NULL, NULL),
(35, 14, 4, 0, 2, 2, NULL, NULL),
(36, 14, 6, 0, 11, 5, NULL, NULL),
(37, 15, 1, 0, 15, 5, NULL, NULL),
(38, 16, 1, 0, 16, 6, NULL, NULL),
(39, 17, 1, 0, 17, 1, 2, NULL),
(40, 18, 1, 0, 18, 2, 2, NULL),
(41, 19, 1, 0, 19, 3, 2, NULL),
(42, 20, 1, 0, 20, 4, 2, NULL),
(43, 21, 1, 0, 21, 5, 2, NULL),
(44, 22, 1, 0, 22, 6, 2, NULL),
(45, 23, 1, 0, 23, 1, 3, NULL),
(46, 24, 1, 0, 24, 2, 3, NULL),
(47, 25, 1, 0, 25, 3, 3, NULL),
(48, 26, 1, 0, 26, 1, 4, NULL),
(49, 27, 1, 0, 27, 2, 4, NULL),
(50, 28, 1, 0, 28, 3, 4, NULL),
(51, 29, 1, 0, 29, 4, 4, NULL),
(52, 30, 1, 0, 30, 1, 5, NULL),
(53, 31, 1, 0, 31, 2, 5, NULL),
(54, 32, 1, 0, 32, 1, 6, NULL),
(55, 33, 1, 0, 33, 2, 6, NULL),
(56, 34, 1, 0, 34, 12, NULL, NULL),
(57, 35, 1, 0, 35, 13, NULL, NULL),
(58, 36, 1, 0, 36, 14, NULL, NULL),
(59, 36, 3, 0, 17, 14, NULL, NULL),
(60, 36, 4, 0, 23, 14, NULL, NULL),
(61, 36, 6, 0, 16, 10, NULL, NULL),
(62, 37, 1, 0, 37, 15, NULL, NULL),
(63, 37, 3, 0, 18, 15, NULL, NULL),
(64, 37, 6, 0, 17, 11, NULL, NULL),
(65, 38, 2, 0, 1, 1, NULL, 1),
(66, 39, 2, 0, 2, 2, NULL, 1),
(67, 40, 2, 0, 3, 1, 7, 1),
(68, 41, 2, 0, 4, 2, 7, 1),
(69, 42, 2, 0, 5, 3, 7, 1),
(70, 43, 2, 0, 6, 4, 7, 1),
(71, 44, 2, 0, 7, 5, 7, 1),
(72, 45, 2, 0, 8, 4, NULL, 1),
(73, 46, 2, 0, 9, 5, NULL, 1),
(74, 47, 2, 0, 10, 6, NULL, 1),
(75, 48, 2, 0, 11, 1, NULL, 2),
(76, 49, 2, 0, 12, 2, NULL, 2),
(77, 50, 2, 0, 13, 3, NULL, 2),
(78, 51, 2, 0, 14, 4, NULL, 2),
(79, 52, 2, 0, 15, 5, NULL, 2),
(80, 53, 2, 0, 16, 1, NULL, 3),
(81, 54, 2, 0, 17, 2, NULL, 3),
(82, 55, 2, 0, 18, 3, NULL, 3),
(83, 56, 2, 0, 19, 4, NULL, 3),
(84, 57, 2, 0, 20, 1, NULL, 4),
(85, 58, 2, 0, 21, 2, NULL, 4),
(86, 59, 2, 0, 22, 1, NULL, 5),
(87, 60, 2, 0, 23, 2, NULL, 5),
(88, 61, 2, 0, 24, 3, NULL, 5),
(89, 62, 3, 0, 3, 2, 8, NULL),
(90, 63, 3, 0, 6, 3, NULL, NULL),
(91, 63, 6, 0, 9, 3, NULL, NULL),
(92, 64, 3, 0, 7, 4, NULL, NULL),
(93, 64, 6, 0, 10, 4, NULL, NULL),
(94, 65, 3, 0, 9, 6, NULL, NULL),
(95, 66, 3, 0, 10, 7, NULL, NULL),
(96, 67, 3, 0, 11, 8, NULL, NULL),
(97, 68, 3, 0, 12, 9, NULL, NULL),
(98, 69, 3, 0, 13, 10, NULL, NULL),
(99, 70, 3, 0, 14, 11, NULL, NULL),
(100, 71, 3, 0, 15, 12, NULL, NULL),
(101, 72, 3, 0, 16, 13, NULL, NULL),
(102, 73, 4, 0, 4, 1, 9, NULL),
(103, 74, 4, 0, 6, 3, 9, NULL),
(104, 75, 4, 0, 9, 5, NULL, NULL),
(105, 76, 4, 0, 10, 6, NULL, NULL),
(106, 77, 4, 0, 11, 7, NULL, NULL),
(107, 78, 4, 0, 12, 1, 10, NULL),
(108, 79, 4, 0, 13, 2, 10, NULL),
(109, 80, 4, 0, 14, 3, 10, NULL),
(110, 81, 4, 0, 15, 4, 10, NULL),
(111, 82, 4, 0, 16, 5, 10, NULL),
(112, 83, 4, 0, 17, 6, 10, NULL),
(113, 84, 4, 0, 18, 9, NULL, NULL),
(114, 85, 4, 0, 19, 10, NULL, NULL),
(115, 86, 4, 0, 20, 11, NULL, NULL),
(116, 87, 4, 0, 21, 12, NULL, NULL),
(117, 88, 4, 0, 22, 13, NULL, NULL),
(118, 89, 4, 0, 24, 15, NULL, NULL),
(119, 90, 5, 0, 1, 1, NULL, NULL),
(120, 91, 5, 0, 2, 2, NULL, NULL),
(121, 92, 5, 0, 3, 3, NULL, NULL),
(122, 93, 5, 0, 4, 4, NULL, NULL),
(123, 94, 5, 0, 5, 5, NULL, NULL),
(124, 95, 5, 0, 6, 6, NULL, NULL),
(125, 96, 5, 0, 7, 7, NULL, NULL),
(126, 97, 5, 0, 8, 8, NULL, NULL),
(127, 98, 5, 0, 9, 9, NULL, NULL),
(128, 99, 5, 0, 10, 10, NULL, NULL),
(129, 100, 5, 0, 11, 11, NULL, NULL),
(130, 101, 5, 0, 12, 12, NULL, NULL),
(131, 102, 5, 0, 13, 13, NULL, NULL),
(132, 103, 5, 0, 14, 14, NULL, NULL),
(133, 104, 5, 0, 15, 15, NULL, NULL),
(134, 105, 5, 0, 16, 16, NULL, NULL),
(135, 106, 5, 0, 17, 17, NULL, NULL),
(136, 107, 5, 0, 18, 18, NULL, NULL),
(137, 108, 5, 0, 19, 19, NULL, NULL),
(138, 109, 5, 0, 20, 20, NULL, NULL),
(139, 110, 5, 0, 21, 21, NULL, NULL),
(140, 111, 6, 0, 4, 3, 11, NULL),
(141, 112, 6, 0, 12, 6, NULL, NULL),
(142, 113, 6, 0, 13, 7, NULL, NULL),
(143, 114, 6, 0, 14, 8, NULL, NULL),
(144, 115, 6, 0, 15, 9, NULL, NULL),
(145, 116, 7, 0.1, 3, 2, 12, NULL),
(146, 117, 7, 0.1, 4, 3, 12, NULL),
(147, 118, 7, 0.1, 5, 4, 12, NULL),
(148, 119, 7, 0.4, 5, 4, 12, NULL),
(149, 120, 7, 1, 6, 5, 12, NULL),
(150, 121, 7, 1, 7, 6, 12, NULL),
(151, 122, 7, 1, 8, 7, 12, NULL),
(152, 123, 7, 1, 9, 8, 12, NULL),
(153, 124, 7, 1, 10, 9, 12, NULL),
(154, 125, 7, 1, 11, 10, 12, NULL),
(155, 126, 7, 1, 12, 11, 12, NULL),
(156, 127, 7, 1, 13, 12, 12, NULL),
(157, 127, 20, 0, 1, 1, NULL, NULL),
(158, 128, 7, 1, 14, 13, 12, NULL),
(159, 129, 7, 1, 15, 14, 12, NULL),
(160, 130, 7, 0.4, 16, 15, 12, NULL),
(161, 131, 7, 0.4, 17, 16, 12, NULL),
(162, 132, 7, 0.5, 18, 17, 12, NULL),
(163, 133, 7, 0.5, 19, 18, 12, NULL),
(164, 134, 7, 1, 20, 3, NULL, NULL),
(165, 135, 7, 5, 21, 4, NULL, NULL),
(166, 136, 7, 1, 22, 5, NULL, NULL),
(167, 137, 7, 10, 23, 6, NULL, NULL),
(168, 138, 7, 15, 24, 7, NULL, NULL),
(169, 139, 7, 10, 25, 8, NULL, NULL),
(170, 140, 7, 5, 26, 9, NULL, NULL),
(171, 141, 7, 5, 27, 10, NULL, NULL),
(172, 142, 7, 10, 28, 11, NULL, NULL),
(173, 143, 7, 2, 29, 12, NULL, NULL),
(174, 144, 7, 2, 30, 13, NULL, NULL),
(175, 145, 7, 2, 31, 14, NULL, NULL),
(176, 146, 7, 1, 32, 15, NULL, NULL),
(177, 147, 7, 1, 33, 16, NULL, NULL),
(178, 148, 7, 1, 34, 17, NULL, NULL),
(179, 149, 7, 1, 35, 18, NULL, NULL),
(180, 150, 7, 2, 36, 19, NULL, NULL),
(181, 151, 7, 5, 37, 20, NULL, NULL),
(182, 152, 7, 1, 38, 21, NULL, NULL),
(183, 153, 8, 1, 1, 1, NULL, NULL),
(184, 154, 8, 1, 2, 2, NULL, NULL),
(185, 155, 8, 1, 3, 3, NULL, NULL),
(186, 156, 8, 7, 4, 4, NULL, NULL),
(187, 157, 8, 10, 5, 5, NULL, NULL),
(188, 158, 8, 10, 6, 6, NULL, NULL),
(189, 159, 8, 10, 7, 7, NULL, NULL),
(190, 160, 8, 10, 8, 8, NULL, NULL),
(191, 161, 8, 10, 9, 9, NULL, NULL),
(192, 162, 8, 10, 10, 10, NULL, NULL),
(193, 163, 8, 10, 11, 11, NULL, NULL),
(194, 164, 8, 10, 12, 12, NULL, NULL),
(195, 165, 8, 10, 13, 13, NULL, NULL),
(196, 127, 21, 0, 1, 1, NULL, NULL),
(197, 127, 21, 0, 2, 2, NULL, NULL),
(198, 127, 21, 0, 3, 3, NULL, NULL);

-- --------------------------------------------------------

--
-- Estructura de tabla para la tabla `items_guias_vieja`
--

CREATE TABLE IF NOT EXISTS `items_guias_vieja` (
  `id_item` int(10) unsigned NOT NULL,
  `id_guia` int(10) unsigned NOT NULL,
  `pon_item` float unsigned NOT NULL,
  `pos_item` int(10) unsigned NOT NULL,
  `nro_item` int(10) unsigned NOT NULL,
  `id_grupoitem` int(10) unsigned DEFAULT NULL,
  `id_sec` int(10) unsigned DEFAULT NULL
) ENGINE=InnoDB DEFAULT CHARSET=utf8;

--
-- Volcado de datos para la tabla `items_guias_vieja`
--

INSERT INTO `items_guias_vieja` (`id_item`, `id_guia`, `pon_item`, `pos_item`, `nro_item`, `id_grupoitem`, `id_sec`) VALUES
(1, 1, 0, 1, 1, NULL, NULL),
(1, 3, 0, 1, 1, NULL, NULL),
(1, 4, 0, 3, 3, NULL, NULL),
(1, 6, 0, 1, 1, NULL, NULL),
(1, 7, 7, 1, 1, NULL, NULL),
(2, 1, 0, 2, 1, 1, NULL),
(2, 6, 0, 3, 2, 11, NULL),
(3, 1, 0, 3, 2, 1, NULL),
(3, 6, 0, 7, 6, 11, NULL),
(4, 1, 0, 4, 3, 1, NULL),
(5, 1, 0, 5, 4, 1, NULL),
(6, 1, 0, 6, 5, 1, NULL),
(7, 1, 0, 7, 6, 1, NULL),
(7, 3, 0, 2, 1, 8, NULL),
(7, 4, 0, 5, 2, 9, NULL),
(7, 6, 0, 2, 1, 11, NULL),
(7, 7, 0.5, 2, 1, 12, NULL),
(8, 1, 0, 8, 7, 1, NULL),
(8, 6, 0, 8, 7, 11, NULL),
(9, 1, 0, 9, 8, 1, NULL),
(9, 3, 0, 4, 3, 8, NULL),
(9, 4, 0, 7, 4, 9, NULL),
(9, 6, 0, 5, 4, 11, NULL),
(10, 1, 0, 10, 9, 1, NULL),
(10, 3, 0, 5, 4, 8, NULL),
(10, 4, 0, 8, 5, 9, NULL),
(10, 6, 0, 6, 5, 11, NULL),
(11, 1, 0, 11, 10, 1, NULL),
(12, 1, 0, 12, 11, 1, NULL),
(13, 1, 0, 13, 3, NULL, NULL),
(13, 4, 0, 1, 1, NULL, NULL),
(14, 1, 0, 14, 4, NULL, NULL),
(14, 3, 0, 8, 5, NULL, NULL),
(14, 4, 0, 2, 2, NULL, NULL),
(14, 6, 0, 11, 5, NULL, NULL),
(15, 1, 0, 15, 5, NULL, NULL),
(16, 1, 0, 16, 6, NULL, NULL),
(17, 1, 0, 17, 1, 2, NULL),
(18, 1, 0, 18, 2, 2, NULL),
(19, 1, 0, 19, 3, 2, NULL),
(20, 1, 0, 20, 4, 2, NULL),
(21, 1, 0, 21, 5, 2, NULL),
(22, 1, 0, 22, 6, 2, NULL),
(23, 1, 0, 23, 1, 3, NULL),
(24, 1, 0, 24, 2, 3, NULL),
(25, 1, 0, 25, 3, 3, NULL),
(26, 1, 0, 26, 1, 4, NULL),
(27, 1, 0, 27, 2, 4, NULL),
(28, 1, 0, 28, 3, 4, NULL),
(29, 1, 0, 29, 4, 4, NULL),
(30, 1, 0, 30, 1, 5, NULL),
(31, 1, 0, 31, 2, 5, NULL),
(32, 1, 0, 32, 1, 6, NULL),
(33, 1, 0, 33, 2, 6, NULL),
(34, 1, 0, 34, 12, NULL, NULL),
(35, 1, 0, 35, 13, NULL, NULL),
(36, 1, 0, 36, 14, NULL, NULL),
(36, 3, 0, 17, 14, NULL, NULL),
(36, 4, 0, 23, 14, NULL, NULL),
(36, 6, 0, 16, 10, NULL, NULL),
(37, 1, 0, 37, 15, NULL, NULL),
(37, 3, 0, 18, 15, NULL, NULL),
(37, 6, 0, 17, 11, NULL, NULL),
(38, 2, 0, 1, 1, NULL, 1),
(39, 2, 0, 2, 2, NULL, 1),
(40, 2, 0, 3, 1, 7, 1),
(41, 2, 0, 4, 2, 7, 1),
(42, 2, 0, 5, 3, 7, 1),
(43, 2, 0, 6, 4, 7, 1),
(44, 2, 0, 7, 5, 7, 1),
(45, 2, 0, 8, 4, NULL, 1),
(46, 2, 0, 9, 5, NULL, 1),
(47, 2, 0, 10, 6, NULL, 1),
(48, 2, 0, 11, 1, NULL, 2),
(49, 2, 0, 12, 2, NULL, 2),
(50, 2, 0, 13, 3, NULL, 2),
(51, 2, 0, 14, 4, NULL, 2),
(52, 2, 0, 15, 5, NULL, 2),
(53, 2, 0, 16, 1, NULL, 3),
(54, 2, 0, 17, 2, NULL, 3),
(55, 2, 0, 18, 3, NULL, 3),
(56, 2, 0, 19, 4, NULL, 3),
(57, 2, 0, 20, 1, NULL, 4),
(58, 2, 0, 21, 2, NULL, 4),
(59, 2, 0, 22, 1, NULL, 5),
(60, 2, 0, 23, 2, NULL, 5),
(61, 2, 0, 24, 3, NULL, 5),
(62, 3, 0, 3, 2, 8, NULL),
(63, 3, 0, 6, 3, NULL, NULL),
(63, 6, 0, 9, 3, NULL, NULL),
(64, 3, 0, 7, 4, NULL, NULL),
(64, 6, 0, 10, 4, NULL, NULL),
(65, 3, 0, 9, 6, NULL, NULL),
(66, 3, 0, 10, 7, NULL, NULL),
(67, 3, 0, 11, 8, NULL, NULL),
(68, 3, 0, 12, 9, NULL, NULL),
(69, 3, 0, 13, 10, NULL, NULL),
(70, 3, 0, 14, 11, NULL, NULL),
(71, 3, 0, 15, 12, NULL, NULL),
(72, 3, 0, 16, 13, NULL, NULL),
(73, 4, 0, 4, 1, 9, NULL),
(74, 4, 0, 6, 3, 9, NULL),
(75, 4, 0, 9, 5, NULL, NULL),
(76, 4, 0, 10, 6, NULL, NULL),
(77, 4, 0, 11, 7, NULL, NULL),
(78, 4, 0, 12, 1, 10, NULL),
(79, 4, 0, 13, 2, 10, NULL),
(80, 4, 0, 14, 3, 10, NULL),
(81, 4, 0, 15, 4, 10, NULL),
(82, 4, 0, 16, 5, 10, NULL),
(83, 4, 0, 17, 6, 10, NULL),
(84, 4, 0, 18, 9, NULL, NULL),
(85, 4, 0, 19, 10, NULL, NULL),
(86, 4, 0, 20, 11, NULL, NULL),
(87, 4, 0, 21, 12, NULL, NULL),
(88, 4, 0, 22, 13, NULL, NULL),
(89, 4, 0, 24, 15, NULL, NULL),
(90, 5, 0, 1, 1, NULL, NULL),
(91, 5, 0, 2, 2, NULL, NULL),
(92, 5, 0, 3, 3, NULL, NULL),
(93, 5, 0, 4, 4, NULL, NULL),
(94, 5, 0, 5, 5, NULL, NULL),
(95, 5, 0, 6, 6, NULL, NULL),
(96, 5, 0, 7, 7, NULL, NULL),
(97, 5, 0, 8, 8, NULL, NULL),
(98, 5, 0, 9, 9, NULL, NULL),
(99, 5, 0, 10, 10, NULL, NULL),
(100, 5, 0, 11, 11, NULL, NULL),
(101, 5, 0, 12, 12, NULL, NULL),
(102, 5, 0, 13, 13, NULL, NULL),
(103, 5, 0, 14, 14, NULL, NULL),
(104, 5, 0, 15, 15, NULL, NULL),
(105, 5, 0, 16, 16, NULL, NULL),
(106, 5, 0, 17, 17, NULL, NULL),
(107, 5, 0, 18, 18, NULL, NULL),
(108, 5, 0, 19, 19, NULL, NULL),
(109, 5, 0, 20, 20, NULL, NULL),
(110, 5, 0, 21, 21, NULL, NULL),
(111, 6, 0, 4, 3, 11, NULL),
(112, 6, 0, 12, 6, NULL, NULL),
(113, 6, 0, 13, 7, NULL, NULL),
(114, 6, 0, 14, 8, NULL, NULL),
(115, 6, 0, 15, 9, NULL, NULL),
(116, 7, 0.1, 3, 2, 12, NULL),
(117, 7, 0.1, 4, 3, 12, NULL),
(118, 7, 0.1, 5, 4, 12, NULL),
(119, 7, 0.4, 5, 4, 12, NULL),
(120, 7, 1, 6, 5, 12, NULL),
(121, 7, 1, 7, 6, 12, NULL),
(122, 7, 1, 8, 7, 12, NULL),
(123, 7, 1, 9, 8, 12, NULL),
(124, 7, 1, 10, 9, 12, NULL),
(125, 7, 1, 11, 10, 12, NULL),
(126, 7, 1, 12, 11, 12, NULL),
(127, 7, 1, 13, 12, 12, NULL),
(127, 20, 0, 1, 1, NULL, NULL),
(128, 7, 1, 14, 13, 12, NULL),
(129, 7, 1, 15, 14, 12, NULL),
(130, 7, 0.4, 16, 15, 12, NULL),
(131, 7, 0.4, 17, 16, 12, NULL),
(132, 7, 0.5, 18, 17, 12, NULL),
(133, 7, 0.5, 19, 18, 12, NULL),
(134, 7, 1, 20, 3, NULL, NULL),
(135, 7, 5, 21, 4, NULL, NULL),
(136, 7, 1, 22, 5, NULL, NULL),
(137, 7, 10, 23, 6, NULL, NULL),
(138, 7, 15, 24, 7, NULL, NULL),
(139, 7, 10, 25, 8, NULL, NULL),
(140, 7, 5, 26, 9, NULL, NULL),
(141, 7, 5, 27, 10, NULL, NULL),
(142, 7, 10, 28, 11, NULL, NULL),
(143, 7, 2, 29, 12, NULL, NULL),
(144, 7, 2, 30, 13, NULL, NULL),
(145, 7, 2, 31, 14, NULL, NULL),
(146, 7, 1, 32, 15, NULL, NULL),
(147, 7, 1, 33, 16, NULL, NULL),
(148, 7, 1, 34, 17, NULL, NULL),
(149, 7, 1, 35, 18, NULL, NULL),
(150, 7, 2, 36, 19, NULL, NULL),
(151, 7, 5, 37, 20, NULL, NULL),
(152, 7, 1, 38, 21, NULL, NULL),
(153, 8, 1, 1, 1, NULL, NULL),
(154, 8, 1, 2, 2, NULL, NULL),
(155, 8, 1, 3, 3, NULL, NULL),
(156, 8, 7, 4, 4, NULL, NULL),
(157, 8, 10, 5, 5, NULL, NULL),
(158, 8, 10, 6, 6, NULL, NULL),
(159, 8, 10, 7, 7, NULL, NULL),
(160, 8, 10, 8, 8, NULL, NULL),
(161, 8, 10, 9, 9, NULL, NULL),
(162, 8, 10, 10, 10, NULL, NULL),
(163, 8, 10, 11, 11, NULL, NULL),
(164, 8, 10, 12, 12, NULL, NULL),
(165, 8, 10, 13, 13, NULL, NULL);

-- --------------------------------------------------------

--
-- Estructura de tabla para la tabla `secciones`
--

CREATE TABLE IF NOT EXISTS `secciones` (
  `id_sec` int(10) unsigned NOT NULL,
  `nom_sec` varchar(100) DEFAULT NULL,
  `nro_sec` int(10) unsigned DEFAULT NULL
) ENGINE=InnoDB AUTO_INCREMENT=6 DEFAULT CHARSET=utf8;

--
-- Volcado de datos para la tabla `secciones`
--

INSERT INTO `secciones` (`id_sec`, `nom_sec`, `nro_sec`) VALUES
(1, 'Historia clínica', 1),
(2, 'Examen físico', 2),
(3, 'Pedido de exámenes complementarios. Debe incluir todos', 3),
(4, 'Diagnóstico principal', 4),
(5, '¿Qué recomendación realiza?', 5);

--
-- Índices para tablas volcadas
--

--
-- Indices de la tabla `alumnos`
--
ALTER TABLE `alumnos`
  ADD PRIMARY KEY (`lu_alu`), ADD UNIQUE KEY `lu_alu` (`lu_alu`), ADD UNIQUE KEY `dni_alu` (`dni_alu`);

--
-- Indices de la tabla `alumnos_catedras`
--
ALTER TABLE `alumnos_catedras`
  ADD PRIMARY KEY (`lu_alu`,`cod_cat`), ADD KEY `cod_cat` (`cod_cat`);

--
-- Indices de la tabla `carreras`
--
ALTER TABLE `carreras`
  ADD PRIMARY KEY (`cod_carr`), ADD UNIQUE KEY `cod_carr` (`cod_carr`);

--
-- Indices de la tabla `catedras`
--
ALTER TABLE `catedras`
  ADD PRIMARY KEY (`cod_cat`), ADD UNIQUE KEY `cod_cat` (`cod_cat`), ADD KEY `cod_carr` (`cod_carr`);

--
-- Indices de la tabla `ci_sessions`
--
ALTER TABLE `ci_sessions`
  ADD PRIMARY KEY (`session_id`), ADD KEY `last_activity_idx` (`last_activity`);

--
-- Indices de la tabla `descripciones`
--
ALTER TABLE `descripciones`
  ADD PRIMARY KEY (`id_desc`), ADD KEY `id_guia` (`id_guia`);

--
-- Indices de la tabla `docentes`
--
ALTER TABLE `docentes`
  ADD PRIMARY KEY (`leg_doc`), ADD UNIQUE KEY `leg_doc` (`leg_doc`), ADD UNIQUE KEY `dni_doc` (`dni_doc`);

--
-- Indices de la tabla `docentes_catedras`
--
ALTER TABLE `docentes_catedras`
  ADD PRIMARY KEY (`leg_doc`,`cod_cat`), ADD KEY `cod_cat` (`cod_cat`);

--
-- Indices de la tabla `examenes`
--
ALTER TABLE `examenes`
  ADD PRIMARY KEY (`id_exam`), ADD KEY `id_guia` (`id_guia`), ADD KEY `cod_cat` (`cod_cat`), ADD KEY `lu_alu` (`lu_alu`), ADD KEY `leg_doc` (`leg_doc`);

--
-- Indices de la tabla `grupositems`
--
ALTER TABLE `grupositems`
  ADD PRIMARY KEY (`id_grupoitem`);

--
-- Indices de la tabla `guias`
--
ALTER TABLE `guias`
  ADD PRIMARY KEY (`id_guia`);

--
-- Indices de la tabla `guias_catedras`
--
ALTER TABLE `guias_catedras`
  ADD PRIMARY KEY (`id_guia`,`cod_cat`), ADD KEY `cod_cat` (`cod_cat`);

--
-- Indices de la tabla `items`
--
ALTER TABLE `items`
  ADD PRIMARY KEY (`id_item`);

--
-- Indices de la tabla `itemsestudiante`
--
ALTER TABLE `itemsestudiante`
  ADD PRIMARY KEY (`id_itemest`);

--
-- Indices de la tabla `itemsestudiante_guias`
--
ALTER TABLE `itemsestudiante_guias`
  ADD PRIMARY KEY (`id_itemest`,`id_guia`), ADD KEY `id_guia` (`id_guia`);

--
-- Indices de la tabla `items_examenes`
--
ALTER TABLE `items_examenes`
  ADD PRIMARY KEY (`id_item`,`id_exam`), ADD KEY `id_exam` (`id_exam`);

--
-- Indices de la tabla `items_guias`
--
ALTER TABLE `items_guias`
  ADD PRIMARY KEY (`id_items_guia`);

--
-- Indices de la tabla `items_guias_vieja`
--
ALTER TABLE `items_guias_vieja`
  ADD PRIMARY KEY (`id_item`,`id_guia`), ADD KEY `id_guia` (`id_guia`), ADD KEY `id_grupoitem` (`id_grupoitem`), ADD KEY `id_sec` (`id_sec`);

--
-- Indices de la tabla `secciones`
--
ALTER TABLE `secciones`
  ADD PRIMARY KEY (`id_sec`);

--
-- AUTO_INCREMENT de las tablas volcadas
--

--
-- AUTO_INCREMENT de la tabla `descripciones`
--
ALTER TABLE `descripciones`
  MODIFY `id_desc` int(10) unsigned NOT NULL AUTO_INCREMENT,AUTO_INCREMENT=24;
--
-- AUTO_INCREMENT de la tabla `examenes`
--
ALTER TABLE `examenes`
  MODIFY `id_exam` int(10) unsigned NOT NULL AUTO_INCREMENT,AUTO_INCREMENT=63;
--
-- AUTO_INCREMENT de la tabla `grupositems`
--
ALTER TABLE `grupositems`
  MODIFY `id_grupoitem` int(10) unsigned NOT NULL AUTO_INCREMENT,AUTO_INCREMENT=17;
--
-- AUTO_INCREMENT de la tabla `guias`
--
ALTER TABLE `guias`
  MODIFY `id_guia` int(10) unsigned NOT NULL AUTO_INCREMENT,AUTO_INCREMENT=22;
--
-- AUTO_INCREMENT de la tabla `items`
--
ALTER TABLE `items`
  MODIFY `id_item` int(10) unsigned NOT NULL AUTO_INCREMENT,AUTO_INCREMENT=192;
--
-- AUTO_INCREMENT de la tabla `itemsestudiante`
--
ALTER TABLE `itemsestudiante`
  MODIFY `id_itemest` int(10) unsigned NOT NULL AUTO_INCREMENT,AUTO_INCREMENT=13;
--
-- AUTO_INCREMENT de la tabla `items_guias`
--
ALTER TABLE `items_guias`
  MODIFY `id_items_guia` int(10) unsigned NOT NULL AUTO_INCREMENT,AUTO_INCREMENT=199;
--
-- AUTO_INCREMENT de la tabla `secciones`
--
ALTER TABLE `secciones`
  MODIFY `id_sec` int(10) unsigned NOT NULL AUTO_INCREMENT,AUTO_INCREMENT=6;
--
-- Restricciones para tablas volcadas
--

--
-- Filtros para la tabla `alumnos_catedras`
--
ALTER TABLE `alumnos_catedras`
ADD CONSTRAINT `alumnos_catedras_ibfk_1` FOREIGN KEY (`lu_alu`) REFERENCES `alumnos` (`lu_alu`),
ADD CONSTRAINT `alumnos_catedras_ibfk_2` FOREIGN KEY (`cod_cat`) REFERENCES `catedras` (`cod_cat`);

--
-- Filtros para la tabla `catedras`
--
ALTER TABLE `catedras`
ADD CONSTRAINT `catedras_ibfk_1` FOREIGN KEY (`cod_carr`) REFERENCES `carreras` (`cod_carr`);

--
-- Filtros para la tabla `descripciones`
--
ALTER TABLE `descripciones`
ADD CONSTRAINT `descripciones_ibfk_1` FOREIGN KEY (`id_guia`) REFERENCES `guias` (`id_guia`);

--
-- Filtros para la tabla `docentes_catedras`
--
ALTER TABLE `docentes_catedras`
ADD CONSTRAINT `docentes_catedras_ibfk_1` FOREIGN KEY (`leg_doc`) REFERENCES `docentes` (`leg_doc`),
ADD CONSTRAINT `docentes_catedras_ibfk_2` FOREIGN KEY (`cod_cat`) REFERENCES `catedras` (`cod_cat`);

--
-- Filtros para la tabla `examenes`
--
ALTER TABLE `examenes`
ADD CONSTRAINT `examenes_ibfk_1` FOREIGN KEY (`id_guia`) REFERENCES `guias` (`id_guia`),
ADD CONSTRAINT `examenes_ibfk_2` FOREIGN KEY (`cod_cat`) REFERENCES `catedras` (`cod_cat`),
ADD CONSTRAINT `examenes_ibfk_3` FOREIGN KEY (`lu_alu`) REFERENCES `alumnos` (`lu_alu`),
ADD CONSTRAINT `examenes_ibfk_4` FOREIGN KEY (`leg_doc`) REFERENCES `docentes` (`leg_doc`);

--
-- Filtros para la tabla `guias_catedras`
--
ALTER TABLE `guias_catedras`
ADD CONSTRAINT `guias_catedras_ibfk_1` FOREIGN KEY (`id_guia`) REFERENCES `guias` (`id_guia`),
ADD CONSTRAINT `guias_catedras_ibfk_2` FOREIGN KEY (`cod_cat`) REFERENCES `catedras` (`cod_cat`);

--
-- Filtros para la tabla `itemsestudiante_guias`
--
ALTER TABLE `itemsestudiante_guias`
ADD CONSTRAINT `itemsestudiante_guias_ibfk_1` FOREIGN KEY (`id_guia`) REFERENCES `guias` (`id_guia`),
ADD CONSTRAINT `itemsestudiante_guias_ibfk_2` FOREIGN KEY (`id_itemest`) REFERENCES `itemsestudiante` (`id_itemest`);

--
-- Filtros para la tabla `items_examenes`
--
ALTER TABLE `items_examenes`
ADD CONSTRAINT `items_examenes_ibfk_1` FOREIGN KEY (`id_exam`) REFERENCES `examenes` (`id_exam`),
ADD CONSTRAINT `items_examenes_ibfk_2` FOREIGN KEY (`id_item`) REFERENCES `items` (`id_item`);

--
-- Filtros para la tabla `items_guias_vieja`
--
ALTER TABLE `items_guias_vieja`
ADD CONSTRAINT `items_guias_vieja_ibfk_1` FOREIGN KEY (`id_guia`) REFERENCES `guias` (`id_guia`),
ADD CONSTRAINT `items_guias_vieja_ibfk_2` FOREIGN KEY (`id_item`) REFERENCES `items` (`id_item`),
ADD CONSTRAINT `items_guias_vieja_ibfk_3` FOREIGN KEY (`id_grupoitem`) REFERENCES `grupositems` (`id_grupoitem`),
ADD CONSTRAINT `items_guias_vieja_ibfk_4` FOREIGN KEY (`id_sec`) REFERENCES `secciones` (`id_sec`);

/*!40101 SET CHARACTER_SET_CLIENT=@OLD_CHARACTER_SET_CLIENT */;
/*!40101 SET CHARACTER_SET_RESULTS=@OLD_CHARACTER_SET_RESULTS */;
/*!40101 SET COLLATION_CONNECTION=@OLD_COLLATION_CONNECTION */;
